Timestamp,Event Type,Value,Status
2026-01-31 00:26:06,DDoS ATTACK,CPU Load: 66.7%,CRITICAL
2026-01-31 00:26:09,DDoS ATTACK,CPU Load: 100.0%,CRITICAL
2026-01-31 00:26:14,DDoS ATTACK,CPU Load: 75.0%,CRITICAL
2026-01-31 00:26:20,DDoS ATTACK,CPU Load: 80.0%,CRITICAL
2026-01-31 00:26:30,DDoS ATTACK,CPU Load: 75.0%,CRITICAL
2026-01-31 00:26:37,DDoS ATTACK,CPU Load: 50.0%,CRITICAL
2026-01-31 00:27:07,FIRE DETECTED,Gas Level: 1968,CRITICAL
2026-01-31 00:27:08,FIRE DETECTED,Gas Level: 1641,CRITICAL
2026-01-31 00:27:10,FIRE DETECTED,Gas Level: 1614,CRITICAL
2026-01-31 00:27:10,FIRE DETECTED,Gas Level: 1960,CRITICAL
2026-01-31 00:27:11,FIRE DETECTED,Gas Level: 1718,CRITICAL
2026-01-31 00:27:12,FIRE DETECTED,Gas Level: 1783,CRITICAL
2026-01-31 00:27:13,FIRE DETECTED,Gas Level: 1348,CRITICAL
2026-01-31 00:27:14,FIRE DETECTED,Gas Level: 1910,CRITICAL
2026-01-31 00:27:15,FIRE DETECTED,Gas Level: 1795,CRITICAL
2026-01-31 00:27:16,FIRE DETECTED,Gas Level: 1260,CRITICAL
2026-01-31 00:27:21,DDoS ATTACK,CPU Load: 50.0%,CRITICAL
2026-01-31 00:27:33,FIRE DETECTED,Gas Level: 1442,CRITICAL
2026-01-31 00:27:34,FIRE DETECTED,Gas Level: 1925,CRITICAL
2026-01-31 00:27:35,FIRE DETECTED,Gas Level: 1470,CRITICAL
2026-01-31 00:27:36,FIRE DETECTED,Gas Level: 1907,CRITICAL
2026-01-31 00:27:37,FIRE DETECTED,Gas Level: 1843,CRITICAL
2026-01-31 00:27:38,FIRE DETECTED,Gas Level: 1820,CRITICAL
2026-01-31 00:27:39,FIRE DETECTED,Gas Level: 1229,CRITICAL
2026-01-31 00:27:40,FIRE DETECTED,Gas Level: 1511,CRITICAL
2026-01-31 00:27:41,FIRE DETECTED,Gas Level: 1512,CRITICAL
2026-01-31 00:27:42,FIRE DETECTED,Gas Level: 1771,CRITICAL
2026-01-31 00:28:14,FIRE DETECTED,Gas Level: 1728,CRITICAL
2026-01-31 00:28:15,FIRE DETECTED,Gas Level: 1278,CRITICAL
2026-01-31 00:28:16,FIRE DETECTED,Gas Level: 1652,CRITICAL
2026-01-31 00:28:17,FIRE DETECTED,Gas Level: 1811,CRITICAL
2026-01-31 00:28:18,FIRE DETECTED,Gas Level: 1863,CRITICAL
2026-01-31 00:28:19,FIRE DETECTED,Gas Level: 1910,CRITICAL
2026-01-31 00:28:20,FIRE DETECTED,Gas Level: 1832,CRITICAL
2026-01-31 00:28:21,FIRE DETECTED,Gas Level: 1846,CRITICAL
2026-01-31 00:28:22,FIRE DETECTED,Gas Level: 1403,CRITICAL
2026-01-31 00:28:23,FIRE DETECTED,Gas Level: 1920,CRITICAL
2026-01-31 00:29:04,DDoS ATTACK,CPU Load: 66.7%,CRITICAL
2026-01-31 00:29:15,FIRE DETECTED,Gas Level: 1773,CRITICAL
2026-01-31 00:29:16,FIRE DETECTED,Gas Level: 1786,CRITICAL
2026-01-31 00:29:17,FIRE DETECTED,Gas Level: 1947,CRITICAL
2026-01-31 00:29:18,FIRE DETECTED,Gas Level: 1469,CRITICAL
2026-01-31 00:29:19,FIRE DETECTED,Gas Level: 1344,CRITICAL
2026-01-31 00:29:20,FIRE DETECTED,Gas Level: 1874,CRITICAL
2026-01-31 00:29:21,FIRE DETECTED,Gas Level: 1602,CRITICAL
2026-01-31 00:29:22,FIRE DETECTED,Gas Level: 1703,CRITICAL
2026-01-31 00:29:23,FIRE DETECTED,Gas Level: 1255,CRITICAL
2026-01-31 00:29:24,FIRE DETECTED,Gas Level: 1434,CRITICAL
2026-01-31 00:29:51,FIRE DETECTED,Gas Level: 1332,CRITICAL
2026-01-31 00:29:52,FIRE DETECTED,Gas Level: 1230,CRITICAL
2026-01-31 00:29:53,FIRE DETECTED,Gas Level: 1637,CRITICAL
2026-01-31 00:29:54,FIRE DETECTED,Gas Level: 1253,CRITICAL
2026-01-31 00:29:55,FIRE DETECTED,Gas Level: 1546,CRITICAL
2026-01-31 00:29:56,FIRE DETECTED,Gas Level: 1442,CRITICAL
2026-01-31 00:29:57,FIRE DETECTED,Gas Level: 1333,CRITICAL
2026-01-31 00:29:58,FIRE DETECTED,Gas Level: 1598,CRITICAL
2026-01-31 00:29:59,FIRE DETECTED,Gas Level: 1212,CRITICAL
2026-01-31 00:30:00,FIRE DETECTED,Gas Level: 1699,CRITICAL
2026-01-31 00:30:01,FIRE DETECTED,Gas Level: 1699,CRITICAL
2026-01-31 00:31:08,FIRE DETECTED,Gas Level: 1645,CRITICAL
2026-01-31 00:31:09,FIRE DETECTED,Gas Level: 1645,CRITICAL
2026-01-31 00:31:09,FIRE DETECTED,Gas Level: 1645,CRITICAL
2026-01-31 00:31:09,FIRE DETECTED,Gas Level: 1641,CRITICAL
2026-01-31 00:31:09,FIRE DETECTED,Gas Level: 1641,CRITICAL
2026-01-31 00:31:10,FIRE DETECTED,Gas Level: 1641,CRITICAL
2026-01-31 00:31:10,FIRE DETECTED,Gas Level: 1532,CRITICAL
2026-01-31 00:31:11,FIRE DETECTED,Gas Level: 1532,CRITICAL
2026-01-31 00:31:11,FIRE DETECTED,Gas Level: 1532,CRITICAL
2026-01-31 00:31:11,FIRE DETECTED,Gas Level: 1305,CRITICAL
2026-01-31 00:31:12,FIRE DETECTED,Gas Level: 1305,CRITICAL
2026-01-31 00:31:12,FIRE DETECTED,Gas Level: 1305,CRITICAL
2026-01-31 00:31:12,FIRE DETECTED,Gas Level: 1326,CRITICAL
2026-01-31 00:31:13,FIRE DETECTED,Gas Level: 1326,CRITICAL
2026-01-31 00:31:13,FIRE DETECTED,Gas Level: 1326,CRITICAL
2026-01-31 00:31:13,FIRE DETECTED,Gas Level: 1212,CRITICAL
2026-01-31 00:31:14,FIRE DETECTED,Gas Level: 1212,CRITICAL
2026-01-31 00:31:14,FIRE DETECTED,Gas Level: 1212,CRITICAL
2026-01-31 00:31:14,FIRE DETECTED,Gas Level: 1307,CRITICAL
2026-01-31 00:31:15,FIRE DETECTED,Gas Level: 1307,CRITICAL
2026-01-31 00:31:15,FIRE DETECTED,Gas Level: 1307,CRITICAL
2026-01-31 00:31:15,FIRE DETECTED,Gas Level: 1610,CRITICAL
2026-01-31 00:31:16,FIRE DETECTED,Gas Level: 1610,CRITICAL
2026-01-31 00:31:16,FIRE DETECTED,Gas Level: 1610,CRITICAL
2026-01-31 00:31:16,FIRE DETECTED,Gas Level: 1930,CRITICAL
2026-01-31 00:31:17,FIRE DETECTED,Gas Level: 1930,CRITICAL
2026-01-31 00:31:17,FIRE DETECTED,Gas Level: 1930,CRITICAL
2026-01-31 00:31:17,FIRE DETECTED,Gas Level: 1619,CRITICAL
2026-01-31 00:31:18,FIRE DETECTED,Gas Level: 1619,CRITICAL
2026-01-31 00:31:18,FIRE DETECTED,Gas Level: 1619,CRITICAL
2026-01-31 00:31:25,DDoS ATTACK,CPU Load: 66.7%,CRITICAL
2026-01-31 00:31:36,FIRE DETECTED,Gas Level: 1429,CRITICAL
2026-01-31 00:31:36,FIRE DETECTED,Gas Level: 1429,CRITICAL
2026-01-31 00:31:37,FIRE DETECTED,Gas Level: 1676,CRITICAL
2026-01-31 00:31:37,FIRE DETECTED,Gas Level: 1676,CRITICAL
2026-01-31 00:31:38,FIRE DETECTED,Gas Level: 1676,CRITICAL
2026-01-31 00:31:38,FIRE DETECTED,Gas Level: 1676,CRITICAL
2026-01-31 00:31:39,FIRE DETECTED,Gas Level: 1915,CRITICAL
2026-01-31 00:31:39,FIRE DETECTED,Gas Level: 1915,CRITICAL
2026-01-31 00:31:40,FIRE DETECTED,Gas Level: 1962,CRITICAL
2026-01-31 00:31:40,FIRE DETECTED,Gas Level: 1962,CRITICAL
2026-01-31 00:31:41,FIRE DETECTED,Gas Level: 1443,CRITICAL
2026-01-31 00:31:41,FIRE DETECTED,Gas Level: 1443,CRITICAL
2026-01-31 00:31:42,FIRE DETECTED,Gas Level: 1890,CRITICAL
2026-01-31 00:31:42,FIRE DETECTED,Gas Level: 1890,CRITICAL
2026-01-31 00:31:43,FIRE DETECTED,Gas Level: 1535,CRITICAL
2026-01-31 00:31:43,FIRE DETECTED,Gas Level: 1535,CRITICAL
2026-01-31 00:31:44,FIRE DETECTED,Gas Level: 1869,CRITICAL
2026-01-31 00:31:44,FIRE DETECTED,Gas Level: 1869,CRITICAL
2026-01-31 00:31:45,FIRE DETECTED,Gas Level: 1773,CRITICAL
2026-01-31 00:31:45,FIRE DETECTED,Gas Level: 1773,CRITICAL
2026-01-31 00:31:52,FIRE DETECTED,Gas Level: 1449,CRITICAL
2026-01-31 00:31:52,FIRE DETECTED,Gas Level: 1449,CRITICAL
2026-01-31 00:31:53,FIRE DETECTED,Gas Level: 1938,CRITICAL
2026-01-31 00:31:53,FIRE DETECTED,Gas Level: 1938,CRITICAL
2026-01-31 00:31:54,FIRE DETECTED,Gas Level: 1760,CRITICAL
2026-01-31 00:31:54,FIRE DETECTED,Gas Level: 1760,CRITICAL
2026-01-31 00:31:55,FIRE DETECTED,Gas Level: 1681,CRITICAL
2026-01-31 00:31:55,FIRE DETECTED,Gas Level: 1681,CRITICAL
2026-01-31 00:31:56,FIRE DETECTED,Gas Level: 1498,CRITICAL
2026-01-31 00:31:56,FIRE DETECTED,Gas Level: 1498,CRITICAL
2026-01-31 00:31:57,FIRE DETECTED,Gas Level: 1878,CRITICAL
2026-01-31 00:31:57,FIRE DETECTED,Gas Level: 1878,CRITICAL
2026-01-31 00:31:58,FIRE DETECTED,Gas Level: 1939,CRITICAL
2026-01-31 00:31:58,FIRE DETECTED,Gas Level: 1939,CRITICAL
2026-01-31 00:31:59,FIRE DETECTED,Gas Level: 1910,CRITICAL
2026-01-31 00:31:59,FIRE DETECTED,Gas Level: 1910,CRITICAL
2026-01-31 00:32:00,FIRE DETECTED,Gas Level: 1378,CRITICAL
2026-01-31 00:32:00,FIRE DETECTED,Gas Level: 1378,CRITICAL
2026-01-31 00:32:00,FIRE DETECTED,Gas Level: 1370,CRITICAL
2026-01-31 00:32:01,FIRE DETECTED,Gas Level: 1370,CRITICAL
2026-01-31 00:32:19,DDoS ATTACK,CPU Load: 40.7%,CRITICAL
2026-01-31 00:32:19,DDoS ATTACK,CPU Load: 42.4%,CRITICAL
2026-01-31 00:32:21,DDoS ATTACK,CPU Load: 42.5%,CRITICAL
2026-01-31 00:32:22,DDoS ATTACK,CPU Load: 40.3%,CRITICAL
2026-01-31 00:32:25,FIRE DETECTED,Gas Level: 1700,CRITICAL
2026-01-31 00:32:25,FIRE DETECTED,Gas Level: 1700,CRITICAL
2026-01-31 00:32:25,FIRE DETECTED,Gas Level: 1408,CRITICAL
2026-01-31 00:32:26,FIRE DETECTED,Gas Level: 1408,CRITICAL
2026-01-31 00:32:26,FIRE DETECTED,Gas Level: 1757,CRITICAL
2026-01-31 00:32:27,FIRE DETECTED,Gas Level: 1757,CRITICAL
2026-01-31 00:32:28,FIRE DETECTED,Gas Level: 1554,CRITICAL
2026-01-31 00:32:28,FIRE DETECTED,Gas Level: 1554,CRITICAL
2026-01-31 00:32:29,FIRE DETECTED,Gas Level: 1640,CRITICAL
2026-01-31 00:32:29,FIRE DETECTED,Gas Level: 1640,CRITICAL
2026-01-31 00:32:30,FIRE DETECTED,Gas Level: 1433,CRITICAL
2026-01-31 00:32:30,FIRE DETECTED,Gas Level: 1433,CRITICAL
2026-01-31 00:32:31,FIRE DETECTED,Gas Level: 1754,CRITICAL
2026-01-31 00:32:31,FIRE DETECTED,Gas Level: 1754,CRITICAL
2026-01-31 00:32:32,FIRE DETECTED,Gas Level: 1215,CRITICAL
2026-01-31 00:32:32,FIRE DETECTED,Gas Level: 1215,CRITICAL
2026-01-31 00:32:33,FIRE DETECTED,Gas Level: 1215,CRITICAL
2026-01-31 00:32:33,FIRE DETECTED,Gas Level: 1215,CRITICAL
2026-01-31 00:32:34,FIRE DETECTED,Gas Level: 1972,CRITICAL
2026-01-31 00:32:34,FIRE DETECTED,Gas Level: 1972,CRITICAL
2026-01-31 00:32:34,FIRE DETECTED,Gas Level: 1636,CRITICAL
2026-01-31 00:32:35,FIRE DETECTED,Gas Level: 1636,CRITICAL
2026-01-31 00:32:53,DDoS ATTACK,CPU Load: 40.1%,CRITICAL
2026-01-31 00:32:54,DDoS ATTACK,CPU Load: 44.4%,CRITICAL
2026-01-31 00:32:56,FIRE DETECTED,Gas Level: 1590,CRITICAL
2026-01-31 00:32:56,FIRE DETECTED,Gas Level: 1590,CRITICAL
2026-01-31 00:32:57,FIRE DETECTED,Gas Level: 1600,CRITICAL
2026-01-31 00:32:57,FIRE DETECTED,Gas Level: 1600,CRITICAL
2026-01-31 00:32:58,FIRE DETECTED,Gas Level: 1392,CRITICAL
2026-01-31 00:32:58,FIRE DETECTED,Gas Level: 1392,CRITICAL
2026-01-31 00:32:59,FIRE DETECTED,Gas Level: 1690,CRITICAL
2026-01-31 00:32:59,FIRE DETECTED,Gas Level: 1690,CRITICAL
2026-01-31 00:33:00,FIRE DETECTED,Gas Level: 1275,CRITICAL
2026-01-31 00:33:00,FIRE DETECTED,Gas Level: 1275,CRITICAL
2026-01-31 00:33:01,FIRE DETECTED,Gas Level: 1275,CRITICAL
2026-01-31 00:33:01,FIRE DETECTED,Gas Level: 1275,CRITICAL
2026-01-31 00:33:02,FIRE DETECTED,Gas Level: 1657,CRITICAL
2026-01-31 00:33:02,FIRE DETECTED,Gas Level: 1657,CRITICAL
2026-01-31 00:33:03,FIRE DETECTED,Gas Level: 1711,CRITICAL
2026-01-31 00:33:03,FIRE DETECTED,Gas Level: 1711,CRITICAL
2026-01-31 00:33:04,FIRE DETECTED,Gas Level: 1711,CRITICAL
2026-01-31 00:33:04,FIRE DETECTED,Gas Level: 1711,CRITICAL
2026-01-31 00:33:05,FIRE DETECTED,Gas Level: 1971,CRITICAL
2026-01-31 00:33:05,FIRE DETECTED,Gas Level: 1971,CRITICAL
2026-01-31 00:33:06,FIRE DETECTED,Gas Level: 1447,CRITICAL
2026-01-31 00:33:06,FIRE DETECTED,Gas Level: 1447,CRITICAL
2026-01-31 00:33:11,FIRE DETECTED,Gas Level: 1500,CRITICAL
2026-01-31 00:33:11,FIRE DETECTED,Gas Level: 1500,CRITICAL
2026-01-31 00:33:12,FIRE DETECTED,Gas Level: 1311,CRITICAL
2026-01-31 00:33:12,FIRE DETECTED,Gas Level: 1311,CRITICAL
2026-01-31 00:33:13,FIRE DETECTED,Gas Level: 1256,CRITICAL
2026-01-31 00:33:13,FIRE DETECTED,Gas Level: 1256,CRITICAL
2026-01-31 00:33:14,FIRE DETECTED,Gas Level: 1947,CRITICAL
2026-01-31 00:33:14,FIRE DETECTED,Gas Level: 1947,CRITICAL
2026-01-31 00:33:15,FIRE DETECTED,Gas Level: 1202,CRITICAL
2026-01-31 00:33:15,FIRE DETECTED,Gas Level: 1202,CRITICAL
2026-01-31 00:33:16,FIRE DETECTED,Gas Level: 1268,CRITICAL
2026-01-31 00:33:16,FIRE DETECTED,Gas Level: 1268,CRITICAL
2026-01-31 00:33:17,FIRE DETECTED,Gas Level: 1283,CRITICAL
2026-01-31 00:33:17,FIRE DETECTED,Gas Level: 1283,CRITICAL
2026-01-31 00:33:18,FIRE DETECTED,Gas Level: 1828,CRITICAL
2026-01-31 00:33:18,FIRE DETECTED,Gas Level: 1828,CRITICAL
2026-01-31 00:33:19,FIRE DETECTED,Gas Level: 1451,CRITICAL
2026-01-31 00:33:19,FIRE DETECTED,Gas Level: 1451,CRITICAL
2026-01-31 00:33:20,FIRE DETECTED,Gas Level: 1526,CRITICAL
2026-01-31 00:33:20,FIRE DETECTED,Gas Level: 1526,CRITICAL
2026-01-31 00:33:42,DDoS ATTACK,CPU Load: 41.5%,CRITICAL
2026-01-31 00:34:22,DDoS ATTACK,CPU Load: 44.3%,CRITICAL
2026-01-31 00:34:29,DDoS ATTACK,CPU Load: 40.7%,CRITICAL
2026-01-31 00:34:42,DDoS ATTACK,CPU Load: 41.3%,CRITICAL
2026-01-31 00:34:43,FIRE DETECTED,Gas Level: 1878,CRITICAL
2026-01-31 00:34:44,FIRE DETECTED,Gas Level: 1878,CRITICAL
2026-01-31 00:34:44,FIRE DETECTED,Gas Level: 1878,CRITICAL
2026-01-31 00:34:45,FIRE DETECTED,Gas Level: 1673,CRITICAL
2026-01-31 00:34:45,FIRE DETECTED,Gas Level: 1673,CRITICAL
2026-01-31 00:34:46,FIRE DETECTED,Gas Level: 1462,CRITICAL
2026-01-31 00:34:46,FIRE DETECTED,Gas Level: 1462,CRITICAL
2026-01-31 00:34:47,FIRE DETECTED,Gas Level: 1501,CRITICAL
2026-01-31 00:34:47,FIRE DETECTED,Gas Level: 1501,CRITICAL
2026-01-31 00:34:48,FIRE DETECTED,Gas Level: 1505,CRITICAL
2026-01-31 00:34:48,FIRE DETECTED,Gas Level: 1505,CRITICAL
2026-01-31 00:34:49,FIRE DETECTED,Gas Level: 1853,CRITICAL
2026-01-31 00:34:49,FIRE DETECTED,Gas Level: 1853,CRITICAL
2026-01-31 00:34:50,FIRE DETECTED,Gas Level: 1517,CRITICAL
2026-01-31 00:34:50,FIRE DETECTED,Gas Level: 1517,CRITICAL
2026-01-31 00:34:51,FIRE DETECTED,Gas Level: 1808,CRITICAL
2026-01-31 00:34:51,FIRE DETECTED,Gas Level: 1808,CRITICAL
2026-01-31 00:34:52,FIRE DETECTED,Gas Level: 1322,CRITICAL
2026-01-31 00:34:52,FIRE DETECTED,Gas Level: 1322,CRITICAL
2026-01-31 00:34:53,FIRE DETECTED,Gas Level: 1322,CRITICAL
2026-01-31 00:34:53,FIRE DETECTED,Gas Level: 1839,CRITICAL
2026-01-31 00:34:54,FIRE DETECTED,Gas Level: 1839,CRITICAL
2026-01-31 00:35:07,FIRE DETECTED,Gas Level: 1429,CRITICAL
2026-01-31 00:35:08,FIRE DETECTED,Gas Level: 1429,CRITICAL
2026-01-31 00:35:08,FIRE DETECTED,Gas Level: 1295,CRITICAL
2026-01-31 00:35:09,FIRE DETECTED,Gas Level: 1295,CRITICAL
2026-01-31 00:35:09,FIRE DETECTED,Gas Level: 1763,CRITICAL
2026-01-31 00:35:10,FIRE DETECTED,Gas Level: 1763,CRITICAL
2026-01-31 00:35:10,FIRE DETECTED,Gas Level: 1280,CRITICAL
2026-01-31 00:35:11,FIRE DETECTED,Gas Level: 1280,CRITICAL
2026-01-31 00:35:11,FIRE DETECTED,Gas Level: 1738,CRITICAL
2026-01-31 00:35:12,FIRE DETECTED,Gas Level: 1738,CRITICAL
2026-01-31 00:35:12,FIRE DETECTED,Gas Level: 1509,CRITICAL
2026-01-31 00:35:13,FIRE DETECTED,Gas Level: 1509,CRITICAL
2026-01-31 00:35:13,FIRE DETECTED,Gas Level: 1353,CRITICAL
2026-01-31 00:35:14,FIRE DETECTED,Gas Level: 1353,CRITICAL
2026-01-31 00:35:14,FIRE DETECTED,Gas Level: 1946,CRITICAL
2026-01-31 00:35:15,FIRE DETECTED,Gas Level: 1946,CRITICAL
2026-01-31 00:35:15,FIRE DETECTED,Gas Level: 1455,CRITICAL
2026-01-31 00:35:16,FIRE DETECTED,Gas Level: 1455,CRITICAL
2026-01-31 00:35:16,FIRE DETECTED,Gas Level: 1229,CRITICAL
2026-01-31 00:35:17,FIRE DETECTED,Gas Level: 1229,CRITICAL
2026-01-31 00:35:43,DDoS ATTACK,CPU Load: 44.4%,CRITICAL
2026-01-31 00:35:43,DDoS ATTACK,CPU Load: 41.1%,CRITICAL
2026-01-31 00:35:55,DDoS ATTACK,CPU Load: 57.9%,CRITICAL
2026-01-31 00:36:28,DDoS ATTACK,CPU Load: 42.8%,CRITICAL
2026-01-31 00:36:30,DDoS ATTACK,CPU Load: 50.0%,CRITICAL
2026-01-31 00:36:31,DDoS ATTACK,CPU Load: 40.2%,CRITICAL
2026-01-31 00:36:33,DDoS ATTACK,CPU Load: 41.3%,CRITICAL
2026-01-31 00:36:40,DDoS ATTACK,CPU Load: 54.7%,CRITICAL
2026-01-31 00:37:47,FIRE DETECTED,Gas Level: 1264,CRITICAL
2026-01-31 00:37:48,FIRE DETECTED,Gas Level: 1264,CRITICAL
2026-01-31 00:37:48,FIRE DETECTED,Gas Level: 1786,CRITICAL
2026-01-31 00:37:49,FIRE DETECTED,Gas Level: 1786,CRITICAL
2026-01-31 00:37:49,FIRE DETECTED,Gas Level: 1329,CRITICAL
2026-01-31 00:37:50,FIRE DETECTED,Gas Level: 1329,CRITICAL
2026-01-31 00:37:50,FIRE DETECTED,Gas Level: 1628,CRITICAL
2026-01-31 00:37:51,FIRE DETECTED,Gas Level: 1628,CRITICAL
2026-01-31 00:37:51,FIRE DETECTED,Gas Level: 1653,CRITICAL
2026-01-31 00:37:52,FIRE DETECTED,Gas Level: 1653,CRITICAL
2026-01-31 00:37:52,FIRE DETECTED,Gas Level: 1650,CRITICAL
2026-01-31 00:37:53,FIRE DETECTED,Gas Level: 1650,CRITICAL
2026-01-31 00:37:53,FIRE DETECTED,Gas Level: 1718,CRITICAL
2026-01-31 00:37:54,FIRE DETECTED,Gas Level: 1718,CRITICAL
2026-01-31 00:37:54,FIRE DETECTED,Gas Level: 1420,CRITICAL
2026-01-31 00:37:55,FIRE DETECTED,Gas Level: 1420,CRITICAL
2026-01-31 00:37:55,FIRE DETECTED,Gas Level: 1986,CRITICAL
2026-01-31 00:37:56,FIRE DETECTED,Gas Level: 1986,CRITICAL
2026-01-31 00:37:56,FIRE DETECTED,Gas Level: 1347,CRITICAL
2026-01-31 00:37:57,FIRE DETECTED,Gas Level: 1347,CRITICAL
2026-01-31 00:38:08,FIRE DETECTED,Gas Level: 1428,CRITICAL
2026-01-31 00:38:08,FIRE DETECTED,Gas Level: 1759,CRITICAL
2026-01-31 00:38:09,FIRE DETECTED,Gas Level: 1759,CRITICAL
2026-01-31 00:38:09,FIRE DETECTED,Gas Level: 1754,CRITICAL
2026-01-31 00:38:10,FIRE DETECTED,Gas Level: 1754,CRITICAL
2026-01-31 00:38:10,FIRE DETECTED,Gas Level: 1754,CRITICAL
2026-01-31 00:38:11,FIRE DETECTED,Gas Level: 1458,CRITICAL
2026-01-31 00:38:11,FIRE DETECTED,Gas Level: 1458,CRITICAL
2026-01-31 00:38:12,FIRE DETECTED,Gas Level: 1963,CRITICAL
2026-01-31 00:38:12,FIRE DETECTED,Gas Level: 1963,CRITICAL
2026-01-31 00:38:13,FIRE DETECTED,Gas Level: 1624,CRITICAL
2026-01-31 00:38:13,FIRE DETECTED,Gas Level: 1624,CRITICAL
2026-01-31 00:38:14,FIRE DETECTED,Gas Level: 1624,CRITICAL
2026-01-31 00:38:14,FIRE DETECTED,Gas Level: 1371,CRITICAL
2026-01-31 00:38:15,FIRE DETECTED,Gas Level: 1423,CRITICAL
2026-01-31 00:38:15,FIRE DETECTED,Gas Level: 1423,CRITICAL
2026-01-31 00:38:16,FIRE DETECTED,Gas Level: 1233,CRITICAL
2026-01-31 00:38:16,FIRE DETECTED,Gas Level: 1233,CRITICAL
2026-01-31 00:38:17,FIRE DETECTED,Gas Level: 1489,CRITICAL
2026-01-31 00:38:17,FIRE DETECTED,Gas Level: 1489,CRITICAL
2026-01-31 00:38:18,FIRE DETECTED,Gas Level: 1489,CRITICAL
2026-01-31 00:38:37,FIRE DETECTED,Gas Level: 1604,CRITICAL
2026-01-31 00:38:38,FIRE DETECTED,Gas Level: 1604,CRITICAL
2026-01-31 00:38:38,FIRE DETECTED,Gas Level: 1572,CRITICAL
2026-01-31 00:38:39,FIRE DETECTED,Gas Level: 1572,CRITICAL
2026-01-31 00:38:39,FIRE DETECTED,Gas Level: 1581,CRITICAL
2026-01-31 00:38:40,FIRE DETECTED,Gas Level: 1581,CRITICAL
2026-01-31 00:38:40,FIRE DETECTED,Gas Level: 1937,CRITICAL
2026-01-31 00:38:41,FIRE DETECTED,Gas Level: 1937,CRITICAL
2026-01-31 00:38:41,FIRE DETECTED,Gas Level: 1725,CRITICAL
2026-01-31 00:38:42,FIRE DETECTED,Gas Level: 1725,CRITICAL
2026-01-31 00:38:42,FIRE DETECTED,Gas Level: 1725,CRITICAL
2026-01-31 00:38:43,FIRE DETECTED,Gas Level: 1690,CRITICAL
2026-01-31 00:38:43,FIRE DETECTED,Gas Level: 1690,CRITICAL
2026-01-31 00:38:44,FIRE DETECTED,Gas Level: 1724,CRITICAL
2026-01-31 00:38:44,FIRE DETECTED,Gas Level: 1724,CRITICAL
2026-01-31 00:38:45,FIRE DETECTED,Gas Level: 1487,CRITICAL
2026-01-31 00:38:45,FIRE DETECTED,Gas Level: 1487,CRITICAL
2026-01-31 00:38:46,FIRE DETECTED,Gas Level: 1265,CRITICAL
2026-01-31 00:38:46,FIRE DETECTED,Gas Level: 1652,CRITICAL
2026-01-31 00:38:47,FIRE DETECTED,Gas Level: 1652,CRITICAL
2026-01-31 00:38:47,FIRE DETECTED,Gas Level: 1652,CRITICAL
2026-01-31 00:38:48,DDoS ATTACK,CPU Load: 41.1%,CRITICAL
2026-01-31 00:38:57,FIRE DETECTED,Gas Level: 1597,CRITICAL
2026-01-31 00:38:58,FIRE DETECTED,Gas Level: 1597,CRITICAL
2026-01-31 00:38:58,FIRE DETECTED,Gas Level: 1597,CRITICAL
2026-01-31 00:38:58,FIRE DETECTED,Gas Level: 1395,CRITICAL
2026-01-31 00:38:59,FIRE DETECTED,Gas Level: 1395,CRITICAL
2026-01-31 00:38:59,FIRE DETECTED,Gas Level: 1395,CRITICAL
2026-01-31 00:39:00,FIRE DETECTED,Gas Level: 1395,CRITICAL
2026-01-31 00:39:00,FIRE DETECTED,Gas Level: 1700,CRITICAL
2026-01-31 00:39:01,FIRE DETECTED,Gas Level: 1700,CRITICAL
2026-01-31 00:39:01,FIRE DETECTED,Gas Level: 1343,CRITICAL
2026-01-31 00:39:02,FIRE DETECTED,Gas Level: 1343,CRITICAL
2026-01-31 00:39:02,FIRE DETECTED,Gas Level: 1652,CRITICAL
2026-01-31 00:39:03,FIRE DETECTED,Gas Level: 1652,CRITICAL
2026-01-31 00:39:03,FIRE DETECTED,Gas Level: 1373,CRITICAL
2026-01-31 00:39:04,FIRE DETECTED,Gas Level: 1373,CRITICAL
2026-01-31 00:39:04,FIRE DETECTED,Gas Level: 1522,CRITICAL
2026-01-31 00:39:05,FIRE DETECTED,Gas Level: 1522,CRITICAL
2026-01-31 00:39:05,FIRE DETECTED,Gas Level: 1999,CRITICAL
2026-01-31 00:39:06,FIRE DETECTED,Gas Level: 1999,CRITICAL
2026-01-31 00:39:06,FIRE DETECTED,Gas Level: 1948,CRITICAL
2026-01-31 00:39:07,FIRE DETECTED,Gas Level: 1948,CRITICAL
2026-01-31 00:39:54,DDoS ATTACK,CPU Load: 41.8%,CRITICAL
2026-01-31 00:39:58,DDoS ATTACK,CPU Load: 46.2%,CRITICAL
2026-01-31 00:39:58,DDoS ATTACK,CPU Load: 49.9%,CRITICAL
2026-01-31 00:40:02,DDoS ATTACK,CPU Load: 42.0%,CRITICAL
2026-01-31 00:40:11,FIRE DETECTED,Gas Level: 1597,CRITICAL
2026-01-31 00:40:12,FIRE DETECTED,Gas Level: 1597,CRITICAL
2026-01-31 00:40:12,FIRE DETECTED,Gas Level: 1545,CRITICAL
2026-01-31 00:40:13,FIRE DETECTED,Gas Level: 1545,CRITICAL
2026-01-31 00:40:13,FIRE DETECTED,Gas Level: 1278,CRITICAL
2026-01-31 00:40:14,FIRE DETECTED,Gas Level: 1278,CRITICAL
2026-01-31 00:40:14,FIRE DETECTED,Gas Level: 1394,CRITICAL
2026-01-31 00:40:15,FIRE DETECTED,Gas Level: 1394,CRITICAL
2026-01-31 00:40:15,FIRE DETECTED,Gas Level: 1740,CRITICAL
2026-01-31 00:40:16,FIRE DETECTED,Gas Level: 1740,CRITICAL
2026-01-31 00:40:16,FIRE DETECTED,Gas Level: 1417,CRITICAL
2026-01-31 00:40:17,FIRE DETECTED,Gas Level: 1417,CRITICAL
2026-01-31 00:40:17,FIRE DETECTED,Gas Level: 1292,CRITICAL
2026-01-31 00:40:18,FIRE DETECTED,Gas Level: 1292,CRITICAL
2026-01-31 00:40:18,FIRE DETECTED,Gas Level: 1746,CRITICAL
2026-01-31 00:40:19,FIRE DETECTED,Gas Level: 1746,CRITICAL
2026-01-31 00:40:19,FIRE DETECTED,Gas Level: 1324,CRITICAL
2026-01-31 00:40:20,FIRE DETECTED,Gas Level: 1324,CRITICAL
2026-01-31 00:40:20,FIRE DETECTED,Gas Level: 1202,CRITICAL
2026-01-31 00:40:21,FIRE DETECTED,Gas Level: 1202,CRITICAL
2026-01-31 00:40:25,FIRE DETECTED,Gas Level: 1961,CRITICAL
2026-01-31 00:40:26,FIRE DETECTED,Gas Level: 1961,CRITICAL
2026-01-31 00:40:26,FIRE DETECTED,Gas Level: 1587,CRITICAL
2026-01-31 00:40:27,FIRE DETECTED,Gas Level: 1587,CRITICAL
2026-01-31 00:40:27,FIRE DETECTED,Gas Level: 1599,CRITICAL
2026-01-31 00:40:28,FIRE DETECTED,Gas Level: 1599,CRITICAL
2026-01-31 00:40:28,FIRE DETECTED,Gas Level: 1599,CRITICAL
2026-01-31 00:40:29,FIRE DETECTED,Gas Level: 1615,CRITICAL
2026-01-31 00:40:29,FIRE DETECTED,Gas Level: 1447,CRITICAL
2026-01-31 00:40:30,FIRE DETECTED,Gas Level: 1447,CRITICAL
2026-01-31 00:40:30,FIRE DETECTED,Gas Level: 1251,CRITICAL
2026-01-31 00:40:31,FIRE DETECTED,Gas Level: 1251,CRITICAL
2026-01-31 00:40:31,FIRE DETECTED,Gas Level: 1251,CRITICAL
2026-01-31 00:40:32,FIRE DETECTED,Gas Level: 1497,CRITICAL
2026-01-31 00:40:32,FIRE DETECTED,Gas Level: 1497,CRITICAL
2026-01-31 00:40:33,FIRE DETECTED,Gas Level: 1686,CRITICAL
2026-01-31 00:40:33,FIRE DETECTED,Gas Level: 1686,CRITICAL
2026-01-31 00:40:34,FIRE DETECTED,Gas Level: 1970,CRITICAL
2026-01-31 00:40:34,FIRE DETECTED,Gas Level: 1970,CRITICAL
2026-01-31 00:40:35,FIRE DETECTED,Gas Level: 1402,CRITICAL
2026-01-31 00:40:35,FIRE DETECTED,Gas Level: 1402,CRITICAL
2026-01-31 00:41:07,FIRE DETECTED,Gas Level: 1727,CRITICAL
2026-01-31 00:41:08,FIRE DETECTED,Gas Level: 1727,CRITICAL
2026-01-31 00:41:08,FIRE DETECTED,Gas Level: 1603,CRITICAL
2026-01-31 00:41:09,FIRE DETECTED,Gas Level: 1603,CRITICAL
2026-01-31 00:41:09,FIRE DETECTED,Gas Level: 1221,CRITICAL
2026-01-31 00:41:10,FIRE DETECTED,Gas Level: 1221,CRITICAL
2026-01-31 00:41:10,FIRE DETECTED,Gas Level: 1717,CRITICAL
2026-01-31 00:41:11,FIRE DETECTED,Gas Level: 1717,CRITICAL
2026-01-31 00:41:11,FIRE DETECTED,Gas Level: 1582,CRITICAL
2026-01-31 00:41:12,FIRE DETECTED,Gas Level: 1582,CRITICAL
2026-01-31 00:41:12,FIRE DETECTED,Gas Level: 1576,CRITICAL
2026-01-31 00:41:13,FIRE DETECTED,Gas Level: 1576,CRITICAL
2026-01-31 00:41:13,FIRE DETECTED,Gas Level: 1846,CRITICAL
2026-01-31 00:41:14,FIRE DETECTED,Gas Level: 1846,CRITICAL
2026-01-31 00:41:14,FIRE DETECTED,Gas Level: 1635,CRITICAL
2026-01-31 00:41:15,FIRE DETECTED,Gas Level: 1635,CRITICAL
2026-01-31 00:41:15,FIRE DETECTED,Gas Level: 1712,CRITICAL
2026-01-31 00:41:16,FIRE DETECTED,Gas Level: 1712,CRITICAL
2026-01-31 00:41:16,FIRE DETECTED,Gas Level: 1944,CRITICAL
2026-01-31 00:41:17,FIRE DETECTED,Gas Level: 1944,CRITICAL
2026-01-31 00:41:33,FIRE DETECTED,Gas Level: 1706,CRITICAL
2026-01-31 00:41:34,FIRE DETECTED,Gas Level: 1706,CRITICAL
2026-01-31 00:41:34,FIRE DETECTED,Gas Level: 1593,CRITICAL
2026-01-31 00:41:35,FIRE DETECTED,Gas Level: 1593,CRITICAL
2026-01-31 00:41:35,FIRE DETECTED,Gas Level: 1924,CRITICAL
2026-01-31 00:41:36,FIRE DETECTED,Gas Level: 1924,CRITICAL
2026-01-31 00:41:36,FIRE DETECTED,Gas Level: 1579,CRITICAL
2026-01-31 00:41:37,FIRE DETECTED,Gas Level: 1579,CRITICAL
2026-01-31 00:41:37,FIRE DETECTED,Gas Level: 1769,CRITICAL
2026-01-31 00:41:38,FIRE DETECTED,Gas Level: 1769,CRITICAL
2026-01-31 00:41:38,FIRE DETECTED,Gas Level: 1675,CRITICAL
2026-01-31 00:41:39,FIRE DETECTED,Gas Level: 1675,CRITICAL
2026-01-31 00:41:39,FIRE DETECTED,Gas Level: 1488,CRITICAL
2026-01-31 00:41:40,FIRE DETECTED,Gas Level: 1488,CRITICAL
2026-01-31 00:41:40,FIRE DETECTED,Gas Level: 1922,CRITICAL
2026-01-31 00:41:41,FIRE DETECTED,Gas Level: 1922,CRITICAL
2026-01-31 00:41:41,FIRE DETECTED,Gas Level: 1830,CRITICAL
2026-01-31 00:41:42,FIRE DETECTED,Gas Level: 1830,CRITICAL
2026-01-31 00:41:42,FIRE DETECTED,Gas Level: 1425,CRITICAL
2026-01-31 00:41:43,FIRE DETECTED,Gas Level: 1425,CRITICAL
2026-01-31 00:41:58,DDoS ATTACK,CPU Load: 64.3%,CRITICAL
2026-01-31 00:42:03,FIRE DETECTED,Gas Level: 1646,CRITICAL
2026-01-31 00:42:03,FIRE DETECTED,Gas Level: 1646,CRITICAL
2026-01-31 00:42:04,FIRE DETECTED,Gas Level: 1902,CRITICAL
2026-01-31 00:42:04,FIRE DETECTED,Gas Level: 1902,CRITICAL
2026-01-31 00:42:05,FIRE DETECTED,Gas Level: 1674,CRITICAL
2026-01-31 00:42:05,FIRE DETECTED,Gas Level: 1674,CRITICAL
2026-01-31 00:42:06,FIRE DETECTED,Gas Level: 1300,CRITICAL
2026-01-31 00:42:06,FIRE DETECTED,Gas Level: 1300,CRITICAL
2026-01-31 00:42:07,FIRE DETECTED,Gas Level: 1987,CRITICAL
2026-01-31 00:42:07,FIRE DETECTED,Gas Level: 1987,CRITICAL
2026-01-31 00:42:08,FIRE DETECTED,Gas Level: 1944,CRITICAL
2026-01-31 00:42:08,FIRE DETECTED,Gas Level: 1944,CRITICAL
2026-01-31 00:42:09,FIRE DETECTED,Gas Level: 1944,CRITICAL
2026-01-31 00:42:09,FIRE DETECTED,Gas Level: 1278,CRITICAL
2026-01-31 00:42:10,FIRE DETECTED,Gas Level: 1278,CRITICAL
2026-01-31 00:42:10,FIRE DETECTED,Gas Level: 1463,CRITICAL
2026-01-31 00:42:11,FIRE DETECTED,Gas Level: 1463,CRITICAL
2026-01-31 00:42:11,FIRE DETECTED,Gas Level: 1493,CRITICAL
2026-01-31 00:42:12,FIRE DETECTED,Gas Level: 1518,CRITICAL
2026-01-31 00:42:12,FIRE DETECTED,Gas Level: 1518,CRITICAL
2026-01-31 00:42:13,FIRE DETECTED,Gas Level: 1518,CRITICAL
2026-01-31 00:42:30,DDoS ATTACK,CPU Load: 42.6%,CRITICAL
2026-01-31 00:42:33,DDoS ATTACK,CPU Load: 41.5%,CRITICAL
2026-01-31 00:42:36,DDoS ATTACK,CPU Load: 57.2%,CRITICAL
2026-01-31 00:42:36,DDoS ATTACK,CPU Load: 40.2%,CRITICAL
2026-01-31 00:42:38,DDoS ATTACK,CPU Load: 50.4%,CRITICAL
2026-01-31 00:42:40,DDoS ATTACK,CPU Load: 42.7%,CRITICAL
2026-01-31 00:42:40,DDoS ATTACK,CPU Load: 40.5%,CRITICAL
2026-01-31 00:42:43,DDoS ATTACK,CPU Load: 41.0%,CRITICAL
2026-01-31 00:42:45,DDoS ATTACK,CPU Load: 40.5%,CRITICAL
2026-01-31 00:42:45,DDoS ATTACK,CPU Load: 40.6%,CRITICAL
2026-01-31 00:42:47,DDoS ATTACK,CPU Load: 40.1%,CRITICAL
2026-01-31 00:42:48,DDoS ATTACK,CPU Load: 46.6%,CRITICAL
2026-01-31 00:42:48,DDoS ATTACK,CPU Load: 41.6%,CRITICAL
2026-01-31 00:42:49,DDoS ATTACK,CPU Load: 40.6%,CRITICAL
2026-01-31 00:42:50,DDoS ATTACK,CPU Load: 41.4%,CRITICAL
2026-01-31 00:42:51,DDoS ATTACK,CPU Load: 41.7%,CRITICAL
2026-01-31 00:42:52,DDoS ATTACK,CPU Load: 41.1%,CRITICAL
2026-01-31 00:42:53,DDoS ATTACK,CPU Load: 41.6%,CRITICAL
2026-01-31 00:42:54,DDoS ATTACK,CPU Load: 41.4%,CRITICAL
2026-01-31 00:42:54,DDoS ATTACK,CPU Load: 41.6%,CRITICAL
2026-01-31 00:42:55,DDoS ATTACK,CPU Load: 41.5%,CRITICAL
2026-01-31 00:42:55,DDoS ATTACK,CPU Load: 41.2%,CRITICAL
2026-01-31 00:42:57,DDoS ATTACK,CPU Load: 40.2%,CRITICAL
2026-01-31 00:42:57,DDoS ATTACK,CPU Load: 41.0%,CRITICAL
2026-01-31 00:42:58,DDoS ATTACK,CPU Load: 41.0%,CRITICAL
2026-01-31 00:42:58,DDoS ATTACK,CPU Load: 41.0%,CRITICAL
2026-01-31 00:42:59,DDoS ATTACK,CPU Load: 40.9%,CRITICAL
2026-01-31 00:42:59,DDoS ATTACK,CPU Load: 41.0%,CRITICAL
2026-01-31 00:43:00,DDoS ATTACK,CPU Load: 41.1%,CRITICAL
2026-01-31 00:43:00,DDoS ATTACK,CPU Load: 41.1%,CRITICAL
2026-01-31 00:43:01,DDoS ATTACK,CPU Load: 40.3%,CRITICAL
2026-01-31 00:43:01,DDoS ATTACK,CPU Load: 41.0%,CRITICAL
2026-01-31 00:43:02,DDoS ATTACK,CPU Load: 41.2%,CRITICAL
2026-01-31 00:43:02,DDoS ATTACK,CPU Load: 41.4%,CRITICAL
2026-01-31 00:43:03,DDoS ATTACK,CPU Load: 40.1%,CRITICAL
2026-01-31 00:43:04,DDoS ATTACK,CPU Load: 41.0%,CRITICAL
2026-01-31 00:43:05,DDoS ATTACK,CPU Load: 40.2%,CRITICAL
2026-01-31 00:43:50,FIRE DETECTED,Gas Level: 1358,CRITICAL
2026-01-31 00:43:51,FIRE DETECTED,Gas Level: 1358,CRITICAL
2026-01-31 00:43:51,FIRE DETECTED,Gas Level: 1583,CRITICAL
2026-01-31 00:43:52,FIRE DETECTED,Gas Level: 1583,CRITICAL
2026-01-31 00:43:52,FIRE DETECTED,Gas Level: 1370,CRITICAL
2026-01-31 00:43:53,FIRE DETECTED,Gas Level: 1370,CRITICAL
2026-01-31 00:43:53,FIRE DETECTED,Gas Level: 1567,CRITICAL
2026-01-31 00:43:54,FIRE DETECTED,Gas Level: 1567,CRITICAL
2026-01-31 00:43:54,FIRE DETECTED,Gas Level: 1453,CRITICAL
2026-01-31 00:43:55,FIRE DETECTED,Gas Level: 1453,CRITICAL
2026-01-31 00:43:55,FIRE DETECTED,Gas Level: 1453,CRITICAL
2026-01-31 00:43:56,FIRE DETECTED,Gas Level: 1231,CRITICAL
2026-01-31 00:43:56,FIRE DETECTED,Gas Level: 1231,CRITICAL
2026-01-31 00:43:57,FIRE DETECTED,Gas Level: 1801,CRITICAL
2026-01-31 00:43:57,FIRE DETECTED,Gas Level: 1819,CRITICAL
2026-01-31 00:43:58,FIRE DETECTED,Gas Level: 1819,CRITICAL
2026-01-31 00:43:58,FIRE DETECTED,Gas Level: 1819,CRITICAL
2026-01-31 00:43:58,FIRE DETECTED,Gas Level: 1819,CRITICAL
2026-01-31 00:43:59,FIRE DETECTED,Gas Level: 1382,CRITICAL
2026-01-31 00:43:59,FIRE DETECTED,Gas Level: 1382,CRITICAL
2026-01-31 00:44:00,FIRE DETECTED,Gas Level: 1737,CRITICAL
2026-01-31 00:44:00,FIRE DETECTED,Gas Level: 1737,CRITICAL
2026-01-31 00:44:06,DDoS ATTACK,CPU Load: 60.0%,CRITICAL
2026-01-31 00:44:15,DDoS ATTACK,CPU Load: 41.2%,CRITICAL
2026-01-31 00:44:16,DDoS ATTACK,CPU Load: 41.0%,CRITICAL
2026-01-31 00:44:58,DDoS ATTACK,CPU Load: 43.0%,CRITICAL
2026-01-31 00:45:00,DDoS ATTACK,CPU Load: 40.5%,CRITICAL
2026-01-31 00:45:03,DDoS ATTACK,CPU Load: 40.6%,CRITICAL
2026-01-31 00:45:03,DDoS ATTACK,CPU Load: 40.4%,CRITICAL
2026-01-31 00:45:04,DDoS ATTACK,CPU Load: 46.9%,CRITICAL
2026-01-31 00:45:07,DDoS ATTACK,CPU Load: 44.8%,CRITICAL
2026-01-31 00:45:08,DDoS ATTACK,CPU Load: 43.8%,CRITICAL
2026-01-31 00:45:08,DDoS ATTACK,CPU Load: 43.7%,CRITICAL
2026-01-31 00:45:09,DDoS ATTACK,CPU Load: 45.1%,CRITICAL
2026-01-31 00:45:09,DDoS ATTACK,CPU Load: 49.0%,CRITICAL
2026-01-31 00:45:11,DDoS ATTACK,CPU Load: 42.5%,CRITICAL
2026-01-31 00:45:12,DDoS ATTACK,CPU Load: 41.4%,CRITICAL
2026-01-31 00:45:26,DDoS ATTACK,CPU Load: 44.8%,CRITICAL
2026-01-31 00:45:53,DDoS ATTACK,CPU Load: 51.5%,CRITICAL
2026-01-31 00:46:51,FIRE DETECTED,Gas Level: 1667,CRITICAL
2026-01-31 00:46:52,FIRE DETECTED,Gas Level: 1368,CRITICAL
2026-01-31 00:46:53,FIRE DETECTED,Gas Level: 1317,CRITICAL
2026-01-31 00:46:54,FIRE DETECTED,Gas Level: 1445,CRITICAL
2026-01-31 00:46:55,FIRE DETECTED,Gas Level: 1369,CRITICAL
2026-01-31 00:46:56,FIRE DETECTED,Gas Level: 1982,CRITICAL
2026-01-31 00:46:57,FIRE DETECTED,Gas Level: 1881,CRITICAL
2026-01-31 00:46:58,FIRE DETECTED,Gas Level: 1324,CRITICAL
2026-01-31 00:46:58,FIRE DETECTED,Gas Level: 1324,CRITICAL
2026-01-31 00:46:58,FIRE DETECTED,Gas Level: 1324,CRITICAL
2026-01-31 00:46:59,FIRE DETECTED,Gas Level: 1324,CRITICAL
2026-01-31 00:47:00,FIRE DETECTED,Gas Level: 1431,CRITICAL
2026-01-31 00:47:01,FIRE DETECTED,Gas Level: 1574,CRITICAL
2026-01-31 00:47:12,FIRE DETECTED,Gas Level: 1298,CRITICAL
2026-01-31 00:47:13,FIRE DETECTED,Gas Level: 1694,CRITICAL
2026-01-31 00:47:14,FIRE DETECTED,Gas Level: 1347,CRITICAL
2026-01-31 00:47:15,FIRE DETECTED,Gas Level: 1964,CRITICAL
2026-01-31 00:47:16,FIRE DETECTED,Gas Level: 1651,CRITICAL
2026-01-31 00:47:17,FIRE DETECTED,Gas Level: 1240,CRITICAL
2026-01-31 00:47:18,FIRE DETECTED,Gas Level: 1940,CRITICAL
2026-01-31 00:47:19,FIRE DETECTED,Gas Level: 1449,CRITICAL
2026-01-31 00:47:20,FIRE DETECTED,Gas Level: 1272,CRITICAL
2026-01-31 00:47:21,FIRE DETECTED,Gas Level: 1289,CRITICAL
2026-01-31 00:47:59,DDoS ATTACK,CPU Load: 43.0%,CRITICAL
2026-01-31 00:48:08,FIRE DETECTED,Gas Level: 1607,CRITICAL
2026-01-31 00:48:09,FIRE DETECTED,Gas Level: 1483,CRITICAL
2026-01-31 00:48:10,FIRE DETECTED,Gas Level: 1220,CRITICAL
2026-01-31 00:48:11,FIRE DETECTED,Gas Level: 1977,CRITICAL
2026-01-31 00:48:12,FIRE DETECTED,Gas Level: 1279,CRITICAL
2026-01-31 00:48:13,FIRE DETECTED,Gas Level: 1587,CRITICAL
2026-01-31 00:48:14,FIRE DETECTED,Gas Level: 1916,CRITICAL
2026-01-31 00:48:15,FIRE DETECTED,Gas Level: 1653,CRITICAL
2026-01-31 00:48:16,FIRE DETECTED,Gas Level: 1924,CRITICAL
2026-01-31 00:48:17,FIRE DETECTED,Gas Level: 1523,CRITICAL
2026-01-31 00:49:07,FIRE DETECTED,Gas Level: 1981,CRITICAL
2026-01-31 00:49:08,FIRE DETECTED,Gas Level: 1323,CRITICAL
2026-01-31 00:49:09,FIRE DETECTED,Gas Level: 1498,CRITICAL
2026-01-31 00:49:10,FIRE DETECTED,Gas Level: 1346,CRITICAL
2026-01-31 00:49:11,FIRE DETECTED,Gas Level: 1760,CRITICAL
2026-01-31 00:49:12,FIRE DETECTED,Gas Level: 1784,CRITICAL
2026-01-31 00:49:13,FIRE DETECTED,Gas Level: 1715,CRITICAL
2026-01-31 00:49:14,FIRE DETECTED,Gas Level: 1943,CRITICAL
2026-01-31 00:49:15,FIRE DETECTED,Gas Level: 1981,CRITICAL
2026-01-31 00:49:16,FIRE DETECTED,Gas Level: 1981,CRITICAL
2026-01-31 00:49:17,FIRE DETECTED,Gas Level: 1273,CRITICAL
2026-01-31 00:49:19,FIRE DETECTED,Gas Level: 1326,CRITICAL
2026-01-31 00:49:20,FIRE DETECTED,Gas Level: 1973,CRITICAL
2026-01-31 00:49:21,FIRE DETECTED,Gas Level: 1341,CRITICAL
2026-01-31 00:49:22,FIRE DETECTED,Gas Level: 1782,CRITICAL
2026-01-31 00:49:23,FIRE DETECTED,Gas Level: 1763,CRITICAL
2026-01-31 00:49:24,FIRE DETECTED,Gas Level: 1886,CRITICAL
2026-01-31 00:49:25,FIRE DETECTED,Gas Level: 1921,CRITICAL
2026-01-31 00:49:26,FIRE DETECTED,Gas Level: 1352,CRITICAL
2026-01-31 00:49:27,FIRE DETECTED,Gas Level: 1270,CRITICAL
2026-01-31 00:49:28,FIRE DETECTED,Gas Level: 1274,CRITICAL
2026-01-31 00:49:32,FIRE DETECTED,Gas Level: 1267,CRITICAL
2026-01-31 00:49:33,FIRE DETECTED,Gas Level: 1475,CRITICAL
2026-01-31 00:49:34,FIRE DETECTED,Gas Level: 1209,CRITICAL
2026-01-31 00:49:35,FIRE DETECTED,Gas Level: 1995,CRITICAL
2026-01-31 00:49:36,FIRE DETECTED,Gas Level: 1611,CRITICAL
2026-01-31 00:49:37,FIRE DETECTED,Gas Level: 1830,CRITICAL
2026-01-31 00:49:38,FIRE DETECTED,Gas Level: 1596,CRITICAL
2026-01-31 00:49:39,FIRE DETECTED,Gas Level: 1680,CRITICAL
2026-01-31 00:49:40,FIRE DETECTED,Gas Level: 1397,CRITICAL
2026-01-31 00:49:41,FIRE DETECTED,Gas Level: 1859,CRITICAL
2026-01-31 00:49:59,FIRE DETECTED,Gas Level: 1233,CRITICAL
2026-01-31 00:50:00,FIRE DETECTED,Gas Level: 1309,CRITICAL
2026-01-31 00:50:01,FIRE DETECTED,Gas Level: 1877,CRITICAL
2026-01-31 00:50:02,FIRE DETECTED,Gas Level: 1694,CRITICAL
2026-01-31 00:50:03,FIRE DETECTED,Gas Level: 1570,CRITICAL
2026-01-31 00:50:04,FIRE DETECTED,Gas Level: 1686,CRITICAL
2026-01-31 00:50:05,FIRE DETECTED,Gas Level: 1332,CRITICAL
2026-01-31 00:50:06,FIRE DETECTED,Gas Level: 1701,CRITICAL
2026-01-31 00:50:07,FIRE DETECTED,Gas Level: 1458,CRITICAL
2026-01-31 00:50:08,FIRE DETECTED,Gas Level: 1315,CRITICAL
2026-01-31 00:50:19,DDoS ATTACK,CPU Load: 50.1%,CRITICAL
2026-01-31 00:50:23,FIRE DETECTED,Gas Level: 1885,CRITICAL
2026-01-31 00:50:24,FIRE DETECTED,Gas Level: 1413,CRITICAL
2026-01-31 00:50:25,FIRE DETECTED,Gas Level: 1728,CRITICAL
2026-01-31 00:50:26,FIRE DETECTED,Gas Level: 1509,CRITICAL
2026-01-31 00:50:27,FIRE DETECTED,Gas Level: 1509,CRITICAL
2026-01-31 00:50:28,FIRE DETECTED,Gas Level: 1755,CRITICAL
2026-01-31 00:50:29,FIRE DETECTED,Gas Level: 1558,CRITICAL
2026-01-31 00:50:30,FIRE DETECTED,Gas Level: 1390,CRITICAL
2026-01-31 00:50:31,FIRE DETECTED,Gas Level: 1430,CRITICAL
2026-01-31 00:50:32,FIRE DETECTED,Gas Level: 1641,CRITICAL
2026-01-31 00:50:58,DDoS ATTACK,CPU Load: 44.0%,CRITICAL
2026-01-31 00:51:00,DDoS ATTACK,CPU Load: 52.7%,CRITICAL
2026-01-31 00:51:05,DDoS ATTACK,CPU Load: 57.5%,CRITICAL
2026-01-31 00:51:09,DDoS ATTACK,CPU Load: 41.2%,CRITICAL
2026-01-31 00:51:14,DDoS ATTACK,CPU Load: 46.1%,CRITICAL
2026-01-31 00:51:15,DDoS ATTACK,CPU Load: 44.7%,CRITICAL
2026-01-31 00:51:16,DDoS ATTACK,CPU Load: 43.2%,CRITICAL
2026-01-31 00:51:17,DDoS ATTACK,CPU Load: 43.1%,CRITICAL
2026-01-31 00:51:51,FIRE DETECTED,Gas Level: 1813,CRITICAL
2026-01-31 00:51:52,FIRE DETECTED,Gas Level: 1955,CRITICAL
2026-01-31 00:51:53,FIRE DETECTED,Gas Level: 1399,CRITICAL
2026-01-31 00:51:54,FIRE DETECTED,Gas Level: 1766,CRITICAL
2026-01-31 00:51:55,FIRE DETECTED,Gas Level: 1655,CRITICAL
2026-01-31 00:51:56,FIRE DETECTED,Gas Level: 1831,CRITICAL
2026-01-31 00:51:57,FIRE DETECTED,Gas Level: 1857,CRITICAL
2026-01-31 00:51:58,FIRE DETECTED,Gas Level: 1247,CRITICAL
2026-01-31 00:51:58,FIRE DETECTED,Gas Level: 1247,CRITICAL
2026-01-31 00:51:58,FIRE DETECTED,Gas Level: 1696,CRITICAL
2026-01-31 00:51:59,FIRE DETECTED,Gas Level: 1696,CRITICAL
2026-01-31 00:52:00,FIRE DETECTED,Gas Level: 1722,CRITICAL
2026-01-31 00:52:54,FIRE DETECTED,Gas Level: 1339,CRITICAL
2026-01-31 00:52:55,FIRE DETECTED,Gas Level: 1765,CRITICAL
2026-01-31 00:52:56,FIRE DETECTED,Gas Level: 1927,CRITICAL
2026-01-31 00:52:57,FIRE DETECTED,Gas Level: 1307,CRITICAL
2026-01-31 00:52:58,FIRE DETECTED,Gas Level: 1214,CRITICAL
2026-01-31 00:52:58,FIRE DETECTED,Gas Level: 1214,CRITICAL
2026-01-31 00:52:58,FIRE DETECTED,Gas Level: 1400,CRITICAL
2026-01-31 00:52:59,FIRE DETECTED,Gas Level: 1400,CRITICAL
2026-01-31 00:53:00,FIRE DETECTED,Gas Level: 1835,CRITICAL
2026-01-31 00:53:01,FIRE DETECTED,Gas Level: 1690,CRITICAL
2026-01-31 00:53:02,FIRE DETECTED,Gas Level: 1320,CRITICAL
2026-01-31 00:53:03,FIRE DETECTED,Gas Level: 1910,CRITICAL
2026-01-31 00:53:55,FIRE DETECTED,Gas Level: 1619,CRITICAL
2026-01-31 00:53:55,FIRE DETECTED,Gas Level: 1908,CRITICAL
2026-01-31 00:53:56,FIRE DETECTED,Gas Level: 1908,CRITICAL
2026-01-31 00:53:56,FIRE DETECTED,Gas Level: 1938,CRITICAL
2026-01-31 00:53:57,FIRE DETECTED,Gas Level: 1938,CRITICAL
2026-01-31 00:53:57,FIRE DETECTED,Gas Level: 1817,CRITICAL
2026-01-31 00:53:58,FIRE DETECTED,Gas Level: 1817,CRITICAL
2026-01-31 00:53:58,FIRE DETECTED,Gas Level: 1817,CRITICAL
2026-01-31 00:53:58,FIRE DETECTED,Gas Level: 1734,CRITICAL
2026-01-31 00:53:58,FIRE DETECTED,Gas Level: 1734,CRITICAL
2026-01-31 00:53:58,FIRE DETECTED,Gas Level: 1734,CRITICAL
2026-01-31 00:55:58,FIRE DETECTED,Gas Level: 1340,CRITICAL
2026-01-31 00:55:58,FIRE DETECTED,Gas Level: 1546,CRITICAL
2026-01-31 01:01:35,FIRE DETECTED,Gas Level: 1321,CRITICAL
2026-01-31 01:01:38,FIRE DETECTED,Gas Level: 1528,CRITICAL
2026-01-31 01:01:40,FIRE DETECTED,Gas Level: 1683,CRITICAL
2026-01-31 01:01:40,FIRE DETECTED,Gas Level: 1683,CRITICAL
2026-01-31 01:20:02,DDoS ATTACK,CPU Load: 66.7%,CRITICAL
2026-01-31 01:20:04,DDoS ATTACK,CPU Load: 66.7%,CRITICAL
2026-01-31 01:20:08,DDoS ATTACK,CPU Load: 50.0%,CRITICAL
2026-01-31 01:20:09,DDoS ATTACK,CPU Load: 100.0%,CRITICAL
2026-01-31 01:20:12,DDoS ATTACK,CPU Load: 50.0%,CRITICAL
2026-01-31 01:20:13,DDoS ATTACK,CPU Load: 100.0%,CRITICAL
2026-01-31 01:20:17,DDoS ATTACK,CPU Load: 66.7%,CRITICAL
2026-01-31 01:20:19,DDoS ATTACK,CPU Load: 50.0%,CRITICAL
2026-01-31 01:20:21,DDoS ATTACK,CPU Load: 100.0%,CRITICAL
2026-01-31 01:20:22,DDoS ATTACK,CPU Load: 48.2%,CRITICAL
2026-01-31 01:20:24,DDoS ATTACK,CPU Load: 43.9%,CRITICAL
2026-01-31 01:20:28,DDoS ATTACK,CPU Load: 76.5%,CRITICAL
2026-01-31 01:20:44,DDoS ATTACK,CPU Load: 50.0%,CRITICAL
2026-01-31 01:20:51,DDoS ATTACK,CPU Load: 50.0%,CRITICAL
2026-01-31 01:20:59,DDoS ATTACK,CPU Load: 50.0%,CRITICAL
2026-01-31 01:21:04,FIRE DETECTED,Gas Level: 1581,CRITICAL
2026-01-31 01:21:05,FIRE DETECTED,Gas Level: 1855,CRITICAL
2026-01-31 01:21:06,FIRE DETECTED,Gas Level: 1386,CRITICAL
2026-01-31 01:21:07,FIRE DETECTED,Gas Level: 1381,CRITICAL
2026-01-31 01:21:08,FIRE DETECTED,Gas Level: 1327,CRITICAL
2026-01-31 01:21:09,FIRE DETECTED,Gas Level: 1514,CRITICAL
2026-01-31 01:21:10,FIRE DETECTED,Gas Level: 1795,CRITICAL
2026-01-31 01:21:11,FIRE DETECTED,Gas Level: 1328,CRITICAL
2026-01-31 01:21:12,FIRE DETECTED,Gas Level: 1825,CRITICAL
2026-01-31 01:21:13,FIRE DETECTED,Gas Level: 1497,CRITICAL
2026-01-31 01:21:15,DDoS ATTACK,CPU Load: 100.0%,CRITICAL
2026-01-31 01:21:16,DDoS ATTACK,CPU Load: 50.0%,CRITICAL
2026-01-31 01:21:17,FIRE DETECTED,Gas Level: 1749,CRITICAL
2026-01-31 01:21:18,FIRE DETECTED,Gas Level: 1881,CRITICAL
2026-01-31 01:21:19,FIRE DETECTED,Gas Level: 1806,CRITICAL
2026-01-31 01:21:20,FIRE DETECTED,Gas Level: 1868,CRITICAL
2026-01-31 01:21:21,FIRE DETECTED,Gas Level: 1848,CRITICAL
2026-01-31 01:21:22,FIRE DETECTED,Gas Level: 1634,CRITICAL
2026-01-31 01:21:23,FIRE DETECTED,Gas Level: 1967,CRITICAL
2026-01-31 01:21:24,FIRE DETECTED,Gas Level: 1720,CRITICAL
2026-01-31 01:21:25,FIRE DETECTED,Gas Level: 1546,CRITICAL
2026-01-31 01:21:26,FIRE DETECTED,Gas Level: 1708,CRITICAL
2026-01-31 01:21:32,FIRE DETECTED,Gas Level: 1857,CRITICAL
2026-01-31 01:21:33,FIRE DETECTED,Gas Level: 1683,CRITICAL
2026-01-31 01:21:34,FIRE DETECTED,Gas Level: 1522,CRITICAL
2026-01-31 01:21:35,FIRE DETECTED,Gas Level: 1328,CRITICAL
2026-01-31 01:21:36,FIRE DETECTED,Gas Level: 1274,CRITICAL
2026-01-31 01:21:37,FIRE DETECTED,Gas Level: 1300,CRITICAL
2026-01-31 01:21:58,FIRE DETECTED,Gas Level: 1645,CRITICAL
2026-01-31 01:21:58,FIRE DETECTED,Gas Level: 1477,CRITICAL
2026-01-31 01:25:11,DDoS ATTACK,CPU Load: 50.0%,CRITICAL
2026-01-31 01:25:15,FIRE DETECTED,Gas Level: 1279,CRITICAL
2026-01-31 01:25:16,FIRE DETECTED,Gas Level: 1279,CRITICAL
2026-01-31 01:25:17,FIRE DETECTED,Gas Level: 1279,CRITICAL
2026-01-31 01:25:18,FIRE DETECTED,Gas Level: 1422,CRITICAL
2026-01-31 01:25:19,FIRE DETECTED,Gas Level: 1827,CRITICAL
2026-01-31 01:25:20,FIRE DETECTED,Gas Level: 1445,CRITICAL
2026-01-31 01:25:20,FIRE DETECTED,Gas Level: 1445,CRITICAL
2026-01-31 01:25:21,FIRE DETECTED,Gas Level: 1892,CRITICAL
2026-01-31 01:25:22,FIRE DETECTED,Gas Level: 1351,CRITICAL
2026-01-31 01:25:23,FIRE DETECTED,Gas Level: 1838,CRITICAL
2026-01-31 01:25:24,FIRE DETECTED,Gas Level: 1318,CRITICAL
2026-01-31 01:25:25,FIRE DETECTED,Gas Level: 1526,CRITICAL
2026-01-31 01:25:26,FIRE DETECTED,Gas Level: 1905,CRITICAL
2026-01-31 01:25:38,DDoS ATTACK,CPU Load: 50.0%,CRITICAL
2026-01-31 01:25:41,DDoS ATTACK,CPU Load: 66.7%,CRITICAL
2026-01-31 01:25:43,DDoS ATTACK,CPU Load: 50.0%,CRITICAL
2026-01-31 01:25:58,DDoS ATTACK,CPU Load: 42.9%,CRITICAL
2026-01-31 01:25:59,DDoS ATTACK,CPU Load: 41.8%,CRITICAL
2026-01-31 01:26:00,DDoS ATTACK,CPU Load: 42.1%,CRITICAL
2026-01-31 01:26:00,DDoS ATTACK,CPU Load: 41.2%,CRITICAL
2026-01-31 01:26:01,DDoS ATTACK,CPU Load: 46.8%,CRITICAL
2026-01-31 01:26:04,DDoS ATTACK,CPU Load: 43.1%,CRITICAL
2026-01-31 01:26:05,DDoS ATTACK,CPU Load: 47.8%,CRITICAL
2026-01-31 01:26:05,DDoS ATTACK,CPU Load: 43.5%,CRITICAL
2026-01-31 01:26:06,DDoS ATTACK,CPU Load: 45.2%,CRITICAL
2026-01-31 01:26:08,FIRE DETECTED,Gas Level: 1944,CRITICAL
2026-01-31 01:26:08,FIRE DETECTED,Gas Level: 1831,CRITICAL
2026-01-31 01:26:09,FIRE DETECTED,Gas Level: 1614,CRITICAL
2026-01-31 01:26:10,FIRE DETECTED,Gas Level: 1631,CRITICAL
2026-01-31 01:26:11,FIRE DETECTED,Gas Level: 1631,CRITICAL
2026-01-31 01:26:13,FIRE DETECTED,Gas Level: 1782,CRITICAL
2026-01-31 01:26:13,FIRE DETECTED,Gas Level: 1454,CRITICAL
2026-01-31 01:26:14,FIRE DETECTED,Gas Level: 1712,CRITICAL
2026-01-31 01:26:16,FIRE DETECTED,Gas Level: 1263,CRITICAL
2026-01-31 01:26:17,FIRE DETECTED,Gas Level: 1925,CRITICAL
2026-01-31 01:26:17,FIRE DETECTED,Gas Level: 1858,CRITICAL
2026-01-31 01:26:18,FIRE DETECTED,Gas Level: 1858,CRITICAL
2026-01-31 01:26:39,FIRE DETECTED,Gas Level: 1277,CRITICAL
2026-01-31 01:26:41,FIRE DETECTED,Gas Level: 1497,CRITICAL
2026-01-31 01:26:43,FIRE DETECTED,Gas Level: 1457,CRITICAL
2026-01-31 01:26:43,FIRE DETECTED,Gas Level: 1801,CRITICAL
2026-01-31 01:26:44,FIRE DETECTED,Gas Level: 1801,CRITICAL
2026-01-31 01:26:45,FIRE DETECTED,Gas Level: 1906,CRITICAL
2026-01-31 01:26:46,FIRE DETECTED,Gas Level: 1827,CRITICAL
2026-01-31 01:26:47,FIRE DETECTED,Gas Level: 1993,CRITICAL
2026-01-31 01:26:48,FIRE DETECTED,Gas Level: 1383,CRITICAL
2026-01-31 01:26:49,FIRE DETECTED,Gas Level: 1383,CRITICAL
2026-01-31 01:26:50,FIRE DETECTED,Gas Level: 1281,CRITICAL
2026-01-31 01:26:51,FIRE DETECTED,Gas Level: 1923,CRITICAL
2026-01-31 01:27:01,DDoS ATTACK,CPU Load: 40.2%,CRITICAL
2026-01-31 01:27:14,DDoS ATTACK,CPU Load: 50.0%,CRITICAL
2026-01-31 01:27:19,DDoS ATTACK,CPU Load: 90.0%,CRITICAL
2026-01-31 01:27:45,DDoS ATTACK,CPU Load: 41.0%,CRITICAL
2026-01-31 01:27:48,DDoS ATTACK,CPU Load: 40.2%,CRITICAL
2026-01-31 01:27:54,DDoS ATTACK,CPU Load: 40.3%,CRITICAL
2026-01-31 01:27:56,DDoS ATTACK,CPU Load: 41.3%,CRITICAL
2026-01-31 01:27:58,DDoS ATTACK,CPU Load: 40.3%,CRITICAL
2026-01-31 01:28:01,DDoS ATTACK,CPU Load: 40.4%,CRITICAL
2026-01-31 01:28:02,DDoS ATTACK,CPU Load: 40.1%,CRITICAL
2026-01-31 01:28:03,DDoS ATTACK,CPU Load: 43.9%,CRITICAL
2026-01-31 01:28:04,DDoS ATTACK,CPU Load: 41.7%,CRITICAL
2026-01-31 01:28:05,DDoS ATTACK,CPU Load: 40.6%,CRITICAL
2026-01-31 01:28:06,DDoS ATTACK,CPU Load: 40.4%,CRITICAL
2026-01-31 01:28:11,DDoS ATTACK,CPU Load: 42.5%,CRITICAL
2026-01-31 01:28:15,DDoS ATTACK,CPU Load: 41.2%,CRITICAL
2026-01-31 01:28:19,DDoS ATTACK,CPU Load: 41.3%,CRITICAL
2026-01-31 01:28:24,DDoS ATTACK,CPU Load: 41.8%,CRITICAL
2026-01-31 01:28:27,DDoS ATTACK,CPU Load: 44.8%,CRITICAL
2026-01-31 01:28:31,DDoS ATTACK,CPU Load: 40.1%,CRITICAL
2026-01-31 01:28:32,DDoS ATTACK,CPU Load: 40.2%,CRITICAL
2026-01-31 01:28:33,DDoS ATTACK,CPU Load: 40.8%,CRITICAL
2026-01-31 01:28:54,FIRE DETECTED,Gas Level: 1574,CRITICAL
2026-01-31 01:28:55,FIRE DETECTED,Gas Level: 1785,CRITICAL
2026-01-31 01:28:56,FIRE DETECTED,Gas Level: 1754,CRITICAL
2026-01-31 01:28:57,FIRE DETECTED,Gas Level: 1604,CRITICAL
2026-01-31 01:28:58,FIRE DETECTED,Gas Level: 1604,CRITICAL
2026-01-31 01:28:58,FIRE DETECTED,Gas Level: 1604,CRITICAL
2026-01-31 01:29:00,FIRE DETECTED,Gas Level: 1664,CRITICAL
2026-01-31 01:29:00,FIRE DETECTED,Gas Level: 1347,CRITICAL
2026-01-31 01:29:01,FIRE DETECTED,Gas Level: 1219,CRITICAL
2026-01-31 01:29:02,FIRE DETECTED,Gas Level: 1902,CRITICAL
2026-01-31 01:29:03,FIRE DETECTED,Gas Level: 1740,CRITICAL
2026-01-31 01:29:04,FIRE DETECTED,Gas Level: 1740,CRITICAL
2026-01-31 01:29:05,FIRE DETECTED,Gas Level: 1927,CRITICAL
2026-01-31 01:29:24,DDoS ATTACK,CPU Load: 43.8%,CRITICAL
2026-01-31 01:29:30,DDoS ATTACK,CPU Load: 42.6%,CRITICAL
2026-01-31 01:32:00,FIRE DETECTED,Gas: 1672,CRITICAL
2026-01-31 01:32:01,FIRE DETECTED,Gas: 1853,CRITICAL
2026-01-31 01:32:02,FIRE DETECTED,Gas: 1853,CRITICAL
2026-01-31 01:32:03,FIRE DETECTED,Gas: 1853,CRITICAL
2026-01-31 01:32:04,FIRE DETECTED,Gas: 1993,CRITICAL
2026-01-31 01:32:05,FIRE DETECTED,Gas: 1993,CRITICAL
2026-01-31 01:32:06,FIRE DETECTED,Gas: 1695,CRITICAL
2026-01-31 01:32:07,FIRE DETECTED,Gas: 1228,CRITICAL
2026-01-31 01:32:08,FIRE DETECTED,Gas: 1889,CRITICAL
2026-01-31 01:32:09,FIRE DETECTED,Gas: 1889,CRITICAL
2026-01-31 01:32:10,FIRE DETECTED,Gas: 1736,CRITICAL
2026-01-31 01:32:11,FIRE DETECTED,Gas: 1842,CRITICAL
2026-01-31 01:32:12,FIRE DETECTED,Gas: 1270,CRITICAL
2026-01-31 01:32:13,FIRE DETECTED,Gas: 1270,CRITICAL
2026-01-31 01:32:35,DDoS ATTACK,CPU: 44.3%,CRITICAL
2026-01-31 01:32:41,DDoS ATTACK,CPU: 40.4%,CRITICAL
2026-01-31 01:32:49,DDoS ATTACK,CPU: 46.8%,CRITICAL
2026-01-31 01:33:03,FIRE DETECTED,Gas: 1951,CRITICAL
2026-01-31 01:33:03,FIRE DETECTED,Gas: 1951,CRITICAL
2026-01-31 01:33:04,FIRE DETECTED,Gas: 1951,CRITICAL
2026-01-31 01:33:04,FIRE DETECTED,Gas: 1951,CRITICAL
2026-01-31 01:33:05,FIRE DETECTED,Gas: 1419,CRITICAL
2026-01-31 01:33:05,FIRE DETECTED,Gas: 1419,CRITICAL
2026-01-31 01:33:06,FIRE DETECTED,Gas: 1418,CRITICAL
2026-01-31 01:33:06,FIRE DETECTED,Gas: 1418,CRITICAL
2026-01-31 01:33:07,FIRE DETECTED,Gas: 1418,CRITICAL
2026-01-31 01:33:07,FIRE DETECTED,Gas: 1987,CRITICAL
2026-01-31 01:33:08,FIRE DETECTED,Gas: 1987,CRITICAL
2026-01-31 01:33:08,FIRE DETECTED,Gas: 1987,CRITICAL
2026-01-31 01:33:09,FIRE DETECTED,Gas: 1745,CRITICAL
2026-01-31 01:33:09,FIRE DETECTED,Gas: 1745,CRITICAL
2026-01-31 01:33:09,FIRE DETECTED,Gas: 1745,CRITICAL
2026-01-31 01:33:10,FIRE DETECTED,Gas: 1211,CRITICAL
2026-01-31 01:33:10,FIRE DETECTED,Gas: 1211,CRITICAL
2026-01-31 01:33:11,FIRE DETECTED,Gas: 1211,CRITICAL
2026-01-31 01:33:11,FIRE DETECTED,Gas: 1704,CRITICAL
2026-01-31 01:33:12,FIRE DETECTED,Gas: 1704,CRITICAL
2026-01-31 01:33:12,FIRE DETECTED,Gas: 1704,CRITICAL
2026-01-31 01:33:13,FIRE DETECTED,Gas: 1309,CRITICAL
2026-01-31 01:33:13,FIRE DETECTED,Gas: 1309,CRITICAL
2026-01-31 01:33:14,FIRE DETECTED,Gas: 1650,CRITICAL
2026-01-31 01:33:15,FIRE DETECTED,Gas: 1650,CRITICAL
2026-01-31 01:33:15,FIRE DETECTED,Gas: 1225,CRITICAL
2026-01-31 01:33:16,FIRE DETECTED,Gas: 1225,CRITICAL
2026-01-31 01:33:16,FIRE DETECTED,Gas: 1225,CRITICAL
2026-01-31 01:33:17,DDoS ATTACK,CPU: 52.4%,CRITICAL
2026-01-31 01:33:17,DDoS ATTACK,CPU: 53.2%,CRITICAL
2026-01-31 01:33:18,DDoS ATTACK,CPU: 47.9%,CRITICAL
2026-01-31 01:33:18,DDoS ATTACK,CPU: 43.4%,CRITICAL
2026-01-31 01:33:19,DDoS ATTACK,CPU: 46.0%,CRITICAL
2026-01-31 01:33:19,DDoS ATTACK,CPU: 44.5%,CRITICAL
2026-01-31 01:33:20,DDoS ATTACK,CPU: 44.8%,CRITICAL
2026-01-31 01:33:20,DDoS ATTACK,CPU: 66.9%,CRITICAL
2026-01-31 01:33:21,DDoS ATTACK,CPU: 54.2%,CRITICAL
2026-01-31 01:33:21,DDoS ATTACK,CPU: 61.2%,CRITICAL
2026-01-31 01:33:22,DDoS ATTACK,CPU: 54.5%,CRITICAL
2026-01-31 01:33:23,DDoS ATTACK,CPU: 42.5%,CRITICAL
2026-01-31 01:33:23,DDoS ATTACK,CPU: 49.3%,CRITICAL
2026-01-31 01:33:24,DDoS ATTACK,CPU: 53.4%,CRITICAL
2026-01-31 01:33:25,DDoS ATTACK,CPU: 48.0%,CRITICAL
2026-01-31 01:33:26,DDoS ATTACK,CPU: 45.3%,CRITICAL
2026-01-31 01:33:28,DDoS ATTACK,CPU: 42.7%,CRITICAL
2026-01-31 01:33:39,DDoS ATTACK,CPU: 100.0%,CRITICAL
2026-01-31 01:33:41,DDoS ATTACK,CPU: 100.0%,CRITICAL
2026-01-31 01:33:47,DDoS ATTACK,CPU: 50.0%,CRITICAL
2026-01-31 01:33:55,FIRE DETECTED,Gas: 1288,CRITICAL
2026-01-31 01:33:56,FIRE DETECTED,Gas: 1288,CRITICAL
2026-01-31 01:33:56,FIRE DETECTED,Gas: 1288,CRITICAL
2026-01-31 01:33:57,FIRE DETECTED,Gas: 1225,CRITICAL
2026-01-31 01:33:57,FIRE DETECTED,Gas: 1225,CRITICAL
2026-01-31 01:33:58,FIRE DETECTED,Gas: 1756,CRITICAL
2026-01-31 01:33:58,FIRE DETECTED,Gas: 1756,CRITICAL
2026-01-31 01:33:58,FIRE DETECTED,Gas: 1756,CRITICAL
2026-01-31 01:33:59,FIRE DETECTED,Gas: 1647,CRITICAL
2026-01-31 01:33:59,FIRE DETECTED,Gas: 1647,CRITICAL
2026-01-31 01:34:00,FIRE DETECTED,Gas: 1636,CRITICAL
2026-01-31 01:34:00,FIRE DETECTED,Gas: 1636,CRITICAL
2026-01-31 01:34:01,FIRE DETECTED,Gas: 1263,CRITICAL
2026-01-31 01:34:01,FIRE DETECTED,Gas: 1263,CRITICAL
2026-01-31 01:34:02,FIRE DETECTED,Gas: 1447,CRITICAL
2026-01-31 01:34:02,FIRE DETECTED,Gas: 1447,CRITICAL
2026-01-31 01:34:03,FIRE DETECTED,Gas: 1369,CRITICAL
2026-01-31 01:34:03,FIRE DETECTED,Gas: 1369,CRITICAL
2026-01-31 01:34:04,FIRE DETECTED,Gas: 1843,CRITICAL
2026-01-31 01:34:04,FIRE DETECTED,Gas: 1843,CRITICAL
2026-01-31 01:34:05,FIRE DETECTED,Gas: 1672,CRITICAL
2026-01-31 01:34:05,FIRE DETECTED,Gas: 1672,CRITICAL
2026-01-31 01:35:00,FIRE DETECTED,Gas: 1540,CRITICAL
2026-01-31 01:35:01,FIRE DETECTED,Gas: 1513,CRITICAL
2026-01-31 01:35:02,FIRE DETECTED,Gas: 1483,CRITICAL
2026-01-31 01:35:03,FIRE DETECTED,Gas: 1876,CRITICAL
2026-01-31 01:35:04,FIRE DETECTED,Gas: 1335,CRITICAL
2026-01-31 01:35:05,FIRE DETECTED,Gas: 1844,CRITICAL
2026-01-31 01:35:06,FIRE DETECTED,Gas: 1718,CRITICAL
2026-01-31 01:35:07,FIRE DETECTED,Gas: 1744,CRITICAL
2026-01-31 01:35:08,FIRE DETECTED,Gas: 1256,CRITICAL
2026-01-31 01:35:09,FIRE DETECTED,Gas: 1707,CRITICAL
2026-01-31 01:35:32,FIRE DETECTED,Gas: 1925,CRITICAL
2026-01-31 01:35:33,FIRE DETECTED,Gas: 1847,CRITICAL
2026-01-31 01:35:34,FIRE DETECTED,Gas: 1985,CRITICAL
2026-01-31 01:35:35,FIRE DETECTED,Gas: 1985,CRITICAL
2026-01-31 01:35:36,FIRE DETECTED,Gas: 1941,CRITICAL
2026-01-31 01:35:37,FIRE DETECTED,Gas: 1493,CRITICAL
2026-01-31 01:35:38,FIRE DETECTED,Gas: 1888,CRITICAL
2026-01-31 01:35:39,FIRE DETECTED,Gas: 1888,CRITICAL
2026-01-31 01:35:40,FIRE DETECTED,Gas: 1451,CRITICAL
2026-01-31 01:35:41,FIRE DETECTED,Gas: 1208,CRITICAL
2026-01-31 01:35:42,FIRE DETECTED,Gas: 1318,CRITICAL
2026-01-31 01:35:50,FIRE DETECTED,Gas: 1754,CRITICAL
2026-01-31 01:35:51,FIRE DETECTED,Gas: 1890,CRITICAL
2026-01-31 01:35:52,FIRE DETECTED,Gas: 1789,CRITICAL
2026-01-31 01:35:53,FIRE DETECTED,Gas: 1669,CRITICAL
2026-01-31 01:35:54,FIRE DETECTED,Gas: 1828,CRITICAL
2026-01-31 01:35:55,FIRE DETECTED,Gas: 1462,CRITICAL
2026-01-31 01:35:56,FIRE DETECTED,Gas: 1244,CRITICAL
2026-01-31 01:35:57,FIRE DETECTED,Gas: 1462,CRITICAL
2026-01-31 01:35:58,FIRE DETECTED,Gas: 1843,CRITICAL
2026-01-31 01:35:58,FIRE DETECTED,Gas: 1843,CRITICAL
2026-01-31 01:35:58,FIRE DETECTED,Gas: 1843,CRITICAL
2026-01-31 01:35:59,FIRE DETECTED,Gas: 1332,CRITICAL
2026-01-31 01:36:10,DDoS ATTACK,CPU: 50.0%,CRITICAL
2026-01-31 01:36:20,FIRE DETECTED,Gas: 1495,CRITICAL
2026-01-31 01:36:21,FIRE DETECTED,Gas: 1682,CRITICAL
2026-01-31 01:36:22,FIRE DETECTED,Gas: 1352,CRITICAL
2026-01-31 01:36:23,FIRE DETECTED,Gas: 1533,CRITICAL
2026-01-31 01:36:24,FIRE DETECTED,Gas: 1683,CRITICAL
2026-01-31 01:36:25,FIRE DETECTED,Gas: 1797,CRITICAL
2026-01-31 01:36:26,FIRE DETECTED,Gas: 1822,CRITICAL
2026-01-31 01:36:27,FIRE DETECTED,Gas: 1766,CRITICAL
2026-01-31 01:36:28,FIRE DETECTED,Gas: 1871,CRITICAL
2026-01-31 01:36:29,FIRE DETECTED,Gas: 1219,CRITICAL
2026-01-31 01:37:01,FIRE DETECTED,Gas: 1538,CRITICAL
2026-01-31 01:37:02,FIRE DETECTED,Gas: 1728,CRITICAL
2026-01-31 01:37:03,FIRE DETECTED,Gas: 1678,CRITICAL
2026-01-31 01:37:04,FIRE DETECTED,Gas: 1374,CRITICAL
2026-01-31 01:37:05,FIRE DETECTED,Gas: 1499,CRITICAL
2026-01-31 01:37:06,FIRE DETECTED,Gas: 1704,CRITICAL
2026-01-31 01:37:07,FIRE DETECTED,Gas: 1796,CRITICAL
2026-01-31 01:37:08,FIRE DETECTED,Gas: 1461,CRITICAL
2026-01-31 01:37:09,FIRE DETECTED,Gas: 1281,CRITICAL
2026-01-31 01:37:10,FIRE DETECTED,Gas: 1246,CRITICAL
2026-01-31 01:38:32,FIRE DETECTED,Gas: 1951,CRITICAL
2026-01-31 01:38:33,FIRE DETECTED,Gas: 1272,CRITICAL
2026-01-31 01:38:34,FIRE DETECTED,Gas: 1930,CRITICAL
2026-01-31 01:38:35,FIRE DETECTED,Gas: 1766,CRITICAL
2026-01-31 01:38:36,FIRE DETECTED,Gas: 1491,CRITICAL
2026-01-31 01:38:37,FIRE DETECTED,Gas: 1988,CRITICAL
2026-01-31 01:38:38,FIRE DETECTED,Gas: 1567,CRITICAL
2026-01-31 01:38:39,FIRE DETECTED,Gas: 1424,CRITICAL
2026-01-31 01:38:40,FIRE DETECTED,Gas: 1412,CRITICAL
2026-01-31 01:38:41,FIRE DETECTED,Gas: 1674,CRITICAL
2026-01-31 01:38:48,DDoS ATTACK,CPU: 50.0%,CRITICAL
2026-01-31 01:39:00,FIRE DETECTED,Gas: 1356,CRITICAL
2026-01-31 01:39:01,FIRE DETECTED,Gas: 1635,CRITICAL
2026-01-31 01:39:02,FIRE DETECTED,Gas: 1350,CRITICAL
2026-01-31 01:39:03,FIRE DETECTED,Gas: 1315,CRITICAL
2026-01-31 01:39:04,FIRE DETECTED,Gas: 1668,CRITICAL
2026-01-31 01:39:05,FIRE DETECTED,Gas: 1574,CRITICAL
2026-01-31 01:39:06,FIRE DETECTED,Gas: 1398,CRITICAL
2026-01-31 01:39:07,FIRE DETECTED,Gas: 1326,CRITICAL
2026-01-31 01:39:08,FIRE DETECTED,Gas: 1864,CRITICAL
2026-01-31 01:39:09,FIRE DETECTED,Gas: 1436,CRITICAL
2026-01-31 01:39:36,DDoS ATTACK,CPU: 66.7%,CRITICAL
2026-01-31 01:40:46,FIRE DETECTED,Gas: 1327,CRITICAL
2026-01-31 01:40:47,FIRE DETECTED,Gas: 1432,CRITICAL
2026-01-31 01:40:48,FIRE DETECTED,Gas: 1653,CRITICAL
2026-01-31 01:40:49,FIRE DETECTED,Gas: 1974,CRITICAL
2026-01-31 01:40:50,FIRE DETECTED,Gas: 1481,CRITICAL
2026-01-31 01:40:51,FIRE DETECTED,Gas: 1825,CRITICAL
2026-01-31 01:40:52,FIRE DETECTED,Gas: 1625,CRITICAL
2026-01-31 01:40:53,FIRE DETECTED,Gas: 1259,CRITICAL
2026-01-31 01:40:54,FIRE DETECTED,Gas: 1216,CRITICAL
2026-01-31 01:40:55,FIRE DETECTED,Gas: 1594,CRITICAL
2026-01-31 01:41:51,FIRE DETECTED,Gas: 1519,CRITICAL
2026-01-31 01:41:51,FIRE DETECTED,Gas: 1519,CRITICAL
2026-01-31 01:41:52,FIRE DETECTED,Gas: 1769,CRITICAL
2026-01-31 01:41:52,FIRE DETECTED,Gas: 1769,CRITICAL
2026-01-31 01:41:53,FIRE DETECTED,Gas: 1687,CRITICAL
2026-01-31 01:41:53,FIRE DETECTED,Gas: 1687,CRITICAL
2026-01-31 01:41:54,FIRE DETECTED,Gas: 1716,CRITICAL
2026-01-31 01:41:54,FIRE DETECTED,Gas: 1716,CRITICAL
2026-01-31 01:41:55,FIRE DETECTED,Gas: 1565,CRITICAL
2026-01-31 01:41:55,FIRE DETECTED,Gas: 1565,CRITICAL
2026-01-31 01:41:56,FIRE DETECTED,Gas: 1541,CRITICAL
2026-01-31 01:41:56,FIRE DETECTED,Gas: 1541,CRITICAL
2026-01-31 01:41:57,FIRE DETECTED,Gas: 1696,CRITICAL
2026-01-31 01:41:57,FIRE DETECTED,Gas: 1696,CRITICAL
2026-01-31 01:41:58,FIRE DETECTED,Gas: 1801,CRITICAL
2026-01-31 01:41:58,FIRE DETECTED,Gas: 1801,CRITICAL
2026-01-31 01:41:58,FIRE DETECTED,Gas: 1801,CRITICAL
2026-01-31 01:41:59,FIRE DETECTED,Gas: 1978,CRITICAL
2026-01-31 01:42:00,FIRE DETECTED,Gas: 1820,CRITICAL
2026-01-31 01:42:04,FIRE DETECTED,Gas: 1717,CRITICAL
2026-01-31 01:42:05,FIRE DETECTED,Gas: 1925,CRITICAL
2026-01-31 01:42:06,FIRE DETECTED,Gas: 1327,CRITICAL
2026-01-31 01:42:07,FIRE DETECTED,Gas: 1252,CRITICAL
2026-01-31 01:42:08,FIRE DETECTED,Gas: 1850,CRITICAL
2026-01-31 01:42:09,FIRE DETECTED,Gas: 1281,CRITICAL
2026-01-31 01:42:10,FIRE DETECTED,Gas: 1984,CRITICAL
2026-01-31 01:42:11,FIRE DETECTED,Gas: 1717,CRITICAL
2026-01-31 01:42:12,FIRE DETECTED,Gas: 1505,CRITICAL
2026-01-31 01:42:13,FIRE DETECTED,Gas: 1531,CRITICAL
2026-01-31 01:42:59,FIRE DETECTED,Gas: 1976,CRITICAL
2026-01-31 01:43:00,FIRE DETECTED,Gas: 1858,CRITICAL
2026-01-31 01:43:01,FIRE DETECTED,Gas: 1257,CRITICAL
2026-01-31 01:43:02,FIRE DETECTED,Gas: 1853,CRITICAL
2026-01-31 01:43:03,FIRE DETECTED,Gas: 1820,CRITICAL
2026-01-31 01:43:04,FIRE DETECTED,Gas: 1777,CRITICAL
2026-01-31 01:43:05,FIRE DETECTED,Gas: 1520,CRITICAL
2026-01-31 01:43:06,FIRE DETECTED,Gas: 1534,CRITICAL
2026-01-31 01:43:07,FIRE DETECTED,Gas: 1534,CRITICAL
2026-01-31 01:43:08,FIRE DETECTED,Gas: 1866,CRITICAL
2026-01-31 01:43:09,FIRE DETECTED,Gas: 1684,CRITICAL
2026-01-31 01:43:58,FIRE DETECTED,Gas: 1459,CRITICAL
2026-01-31 01:43:58,FIRE DETECTED,Gas: 1459,CRITICAL
2026-01-31 01:43:59,FIRE DETECTED,Gas: 1396,CRITICAL
2026-01-31 01:44:00,FIRE DETECTED,Gas: 1437,CRITICAL
2026-01-31 01:44:01,FIRE DETECTED,Gas: 1765,CRITICAL
2026-01-31 01:44:02,FIRE DETECTED,Gas: 1819,CRITICAL
2026-01-31 01:44:03,FIRE DETECTED,Gas: 1985,CRITICAL
2026-01-31 01:44:04,FIRE DETECTED,Gas: 1418,CRITICAL
2026-01-31 01:44:05,FIRE DETECTED,Gas: 1255,CRITICAL
2026-01-31 01:44:06,FIRE DETECTED,Gas: 1334,CRITICAL
2026-01-31 01:44:07,FIRE DETECTED,Gas: 1485,CRITICAL
2026-01-31 01:51:58,FIRE DETECTED,Gas: 1574,CRITICAL
2026-01-31 01:52:00,FIRE DETECTED,Gas: 1574,CRITICAL
2026-01-31 01:52:32,DDoS ATTACK,CPU: 41.3%,CRITICAL
2026-01-31 01:52:36,FIRE DETECTED,Gas: 1464,CRITICAL
2026-01-31 01:52:37,FIRE DETECTED,Gas: 1464,CRITICAL
2026-01-31 01:52:37,FIRE DETECTED,Gas: 1405,CRITICAL
2026-01-31 01:52:37,FIRE DETECTED,Gas: 1405,CRITICAL
2026-01-31 01:52:38,FIRE DETECTED,Gas: 1734,CRITICAL
2026-01-31 01:52:39,FIRE DETECTED,Gas: 1734,CRITICAL
2026-01-31 01:52:40,FIRE DETECTED,Gas: 1265,CRITICAL
2026-01-31 01:52:40,FIRE DETECTED,Gas: 1265,CRITICAL
2026-01-31 01:52:41,FIRE DETECTED,Gas: 1425,CRITICAL
2026-01-31 01:52:42,FIRE DETECTED,Gas: 1891,CRITICAL
2026-01-31 01:52:43,FIRE DETECTED,Gas: 1891,CRITICAL
2026-01-31 01:52:44,FIRE DETECTED,Gas: 1825,CRITICAL
2026-01-31 01:52:46,FIRE DETECTED,Gas: 1816,CRITICAL
2026-01-31 01:52:47,FIRE DETECTED,Gas: 1816,CRITICAL
2026-01-31 01:52:48,FIRE DETECTED,Gas: 1247,CRITICAL
2026-01-31 01:52:50,DDoS ATTACK,CPU: 43.3%,CRITICAL
2026-01-31 01:53:30,DDoS ATTACK,CPU: 43.2%,CRITICAL
2026-01-31 01:53:41,FIRE DETECTED,Gas: 1631,CRITICAL
2026-01-31 01:53:42,FIRE DETECTED,Gas: 1453,CRITICAL
2026-01-31 01:53:43,FIRE DETECTED,Gas: 1783,CRITICAL
2026-01-31 01:53:44,FIRE DETECTED,Gas: 1783,CRITICAL
2026-01-31 01:53:45,FIRE DETECTED,Gas: 1799,CRITICAL
2026-01-31 01:53:46,FIRE DETECTED,Gas: 1628,CRITICAL
2026-01-31 01:53:47,FIRE DETECTED,Gas: 1382,CRITICAL
2026-01-31 01:53:48,FIRE DETECTED,Gas: 1849,CRITICAL
2026-01-31 01:53:49,FIRE DETECTED,Gas: 1849,CRITICAL
2026-01-31 01:53:50,FIRE DETECTED,Gas: 1905,CRITICAL
2026-01-31 01:53:51,FIRE DETECTED,Gas: 1765,CRITICAL
2026-01-31 01:53:52,FIRE DETECTED,Gas: 1984,CRITICAL
2026-01-31 01:53:53,FIRE DETECTED,Gas: 1984,CRITICAL
2026-01-31 01:54:24,DDoS ATTACK,CPU: 75.0%,CRITICAL
2026-01-31 01:54:40,DDoS ATTACK,CPU: 40.6%,CRITICAL
2026-01-31 01:54:54,FIRE DETECTED,Gas: 1983,CRITICAL
2026-01-31 01:54:55,FIRE DETECTED,Gas: 1617,CRITICAL
2026-01-31 01:54:56,FIRE DETECTED,Gas: 1450,CRITICAL
2026-01-31 01:54:57,FIRE DETECTED,Gas: 1583,CRITICAL
2026-01-31 01:54:58,FIRE DETECTED,Gas: 1392,CRITICAL
2026-01-31 01:54:59,FIRE DETECTED,Gas: 1392,CRITICAL
2026-01-31 01:55:00,FIRE DETECTED,Gas: 1494,CRITICAL
2026-01-31 01:55:01,FIRE DETECTED,Gas: 1491,CRITICAL
2026-01-31 01:55:02,FIRE DETECTED,Gas: 1237,CRITICAL
2026-01-31 01:55:03,FIRE DETECTED,Gas: 1878,CRITICAL
2026-01-31 01:55:04,FIRE DETECTED,Gas: 1347,CRITICAL
2026-01-31 01:55:05,FIRE DETECTED,Gas: 1347,CRITICAL
2026-01-31 01:55:54,DDoS ATTACK,CPU: 66.7%,CRITICAL
2026-01-31 01:55:55,DDoS ATTACK,CPU: 50.0%,CRITICAL
2026-01-31 01:55:57,DDoS ATTACK,CPU: 50.0%,CRITICAL
2026-01-31 01:56:00,DDoS ATTACK,CPU: 100.0%,CRITICAL
2026-01-31 01:56:01,DDoS ATTACK,CPU: 50.0%,CRITICAL
2026-01-31 01:56:03,DDoS ATTACK,CPU: 50.0%,CRITICAL
2026-01-31 01:56:04,DDoS ATTACK,CPU: 50.0%,CRITICAL
2026-01-31 01:56:14,DDoS ATTACK,CPU: 50.0%,CRITICAL
2026-01-31 01:56:27,DDoS ATTACK,CPU: 50.0%,CRITICAL
2026-01-31 01:56:45,DDoS ATTACK,CPU: 50.0%,CRITICAL
2026-01-31 01:57:32,DDoS ATTACK,CPU: 50.0%,CRITICAL
2026-01-31 01:57:40,FIRE DETECTED,Gas: 1977,CRITICAL
2026-01-31 01:57:41,FIRE DETECTED,Gas: 1472,CRITICAL
2026-01-31 01:57:42,FIRE DETECTED,Gas: 1203,CRITICAL
2026-01-31 01:57:43,FIRE DETECTED,Gas: 1972,CRITICAL
2026-01-31 01:57:44,FIRE DETECTED,Gas: 1316,CRITICAL
2026-01-31 01:57:45,FIRE DETECTED,Gas: 1628,CRITICAL
2026-01-31 01:57:46,FIRE DETECTED,Gas: 1586,CRITICAL
2026-01-31 01:57:47,FIRE DETECTED,Gas: 1853,CRITICAL
2026-01-31 01:57:48,FIRE DETECTED,Gas: 1972,CRITICAL
2026-01-31 01:57:49,FIRE DETECTED,Gas: 1387,CRITICAL
2026-01-31 01:58:10,FIRE DETECTED,Gas: 1624,CRITICAL
2026-01-31 01:58:11,FIRE DETECTED,Gas: 1907,CRITICAL
2026-01-31 01:58:12,FIRE DETECTED,Gas: 1820,CRITICAL
2026-01-31 01:58:13,FIRE DETECTED,Gas: 1201,CRITICAL
2026-01-31 01:58:14,FIRE DETECTED,Gas: 1969,CRITICAL
2026-01-31 01:58:15,FIRE DETECTED,Gas: 1366,CRITICAL
2026-01-31 01:58:16,FIRE DETECTED,Gas: 1471,CRITICAL
2026-01-31 01:58:17,FIRE DETECTED,Gas: 1711,CRITICAL
2026-01-31 01:58:18,FIRE DETECTED,Gas: 1345,CRITICAL
2026-01-31 01:58:19,FIRE DETECTED,Gas: 1869,CRITICAL
2026-01-31 01:58:50,MALWARE DETECTED,CPU: 100.0% | Temp: 53.6C,CRITICAL
2026-01-31 01:59:19,FIRE DETECTED,Gas: 1328,CRITICAL
2026-01-31 01:59:20,FIRE DETECTED,Gas: 1280,CRITICAL
2026-01-31 01:59:21,FIRE DETECTED,Gas: 1451,CRITICAL
2026-01-31 01:59:22,FIRE DETECTED,Gas: 1568,CRITICAL
2026-01-31 01:59:23,FIRE DETECTED,Gas: 1568,CRITICAL
2026-01-31 01:59:24,FIRE DETECTED,Gas: 1639,CRITICAL
2026-01-31 01:59:25,FIRE DETECTED,Gas: 1837,CRITICAL
2026-01-31 01:59:26,FIRE DETECTED,Gas: 1837,CRITICAL
2026-01-31 01:59:27,FIRE DETECTED,Gas: 1556,CRITICAL
2026-01-31 01:59:28,FIRE DETECTED,Gas: 1679,CRITICAL
2026-01-31 01:59:29,FIRE DETECTED,Gas: 1633,CRITICAL
2026-01-31 02:01:05,FIRE DETECTED,Gas: 1574,CRITICAL
2026-01-31 02:01:06,FIRE DETECTED,Gas: 1260,CRITICAL
2026-01-31 02:01:07,FIRE DETECTED,Gas: 1701,CRITICAL
2026-01-31 02:01:08,FIRE DETECTED,Gas: 1304,CRITICAL
2026-01-31 02:01:09,FIRE DETECTED,Gas: 1385,CRITICAL
2026-01-31 02:01:10,FIRE DETECTED,Gas: 1314,CRITICAL
2026-01-31 02:01:11,FIRE DETECTED,Gas: 1604,CRITICAL
2026-01-31 02:01:12,FIRE DETECTED,Gas: 1430,CRITICAL
2026-01-31 02:01:13,FIRE DETECTED,Gas: 1890,CRITICAL
2026-01-31 02:01:14,FIRE DETECTED,Gas: 1671,CRITICAL
2026-01-31 02:03:14,FIRE DETECTED,Gas: 1937,CRITICAL
2026-01-31 02:03:15,FIRE DETECTED,Gas: 1713,CRITICAL
2026-01-31 02:03:16,FIRE DETECTED,Gas: 1976,CRITICAL
2026-01-31 02:03:17,FIRE DETECTED,Gas: 1839,CRITICAL
2026-01-31 02:03:18,FIRE DETECTED,Gas: 1206,CRITICAL
2026-01-31 02:03:19,FIRE DETECTED,Gas: 1640,CRITICAL
2026-01-31 02:03:20,FIRE DETECTED,Gas: 1222,CRITICAL
2026-01-31 02:03:21,FIRE DETECTED,Gas: 2000,CRITICAL
2026-01-31 02:03:22,FIRE DETECTED,Gas: 1497,CRITICAL
2026-01-31 02:03:23,FIRE DETECTED,Gas: 1655,CRITICAL
2026-01-31 02:04:51,FIRE DETECTED,Gas: 1913,CRITICAL
2026-01-31 02:04:52,FIRE DETECTED,Gas: 1443,CRITICAL
2026-01-31 02:04:53,FIRE DETECTED,Gas: 1597,CRITICAL
2026-01-31 02:04:54,FIRE DETECTED,Gas: 1940,CRITICAL
2026-01-31 02:04:55,FIRE DETECTED,Gas: 1410,CRITICAL
2026-01-31 02:04:56,FIRE DETECTED,Gas: 1410,CRITICAL
2026-01-31 02:04:57,FIRE DETECTED,Gas: 1762,CRITICAL
2026-01-31 02:04:58,FIRE DETECTED,Gas: 1931,CRITICAL
2026-01-31 02:04:59,FIRE DETECTED,Gas: 1773,CRITICAL
2026-01-31 02:05:00,FIRE DETECTED,Gas: 1616,CRITICAL
2026-01-31 02:05:01,FIRE DETECTED,Gas: 1882,CRITICAL
